"","metric","mean_Has_PAA","mean_No_PAA","sd_Has_PAA","sd_No_PAA","n_Has_PAA","n_No_PAA","t_stat","df","p_value"
"1","Exposure",0.350042843003875,0.289796588376868,0.178292084624272,0.153473388724602,34,94,1.74974953593028,51.7403745150363,0.0860905763839685
"2","Sensitivity",0.600384910914561,0.494340292218708,0.159276486226147,0.177787434375846,34,94,3.22324618990529,64.7775017163464,0.00198582981287426
"3","Adaptive Capacity",0.41113094070422,0.552368471811834,0.164449319295966,0.250712036376953,34,94,-3.69119383393051,89.3908472946291,0.000383397017636474
