eez,dist_km,area_km2,ais_fishing,dark_fishing,ISO_TER1,GEONAME,SOVEREIGN1,fishing_per_km2
5670,5,2567.515669,0.592884156,4.277006415,ALB,Albanian Exclusive Economic Zone,Albania,0.001896733
5670,10,3953.664064,1.23326558,7.861455819,ALB,Albanian Exclusive Economic Zone,Albania,0.002300327
5670,15,5177.870307,1.675757003,10.19201007,ALB,Albanian Exclusive Economic Zone,Albania,0.002292017
5670,20,6212.706234,1.903003215,11.43143758,ALB,Albanian Exclusive Economic Zone,Albania,0.002146318
5670,25,7187.617515,2.051510891,12.28157202,ALB,Albanian Exclusive Economic Zone,Albania,0.001994135
8378,5,7854.56791,0.082241024,20.49536002,DZA,Algerian Exclusive Economic Zone,Algeria,0.002619826
8378,10,13811.00066,0.114398595,31.73664668,DZA,Algerian Exclusive Economic Zone,Algeria,0.002306208
8378,15,19584.4771,0.134623096,37.6814613,DZA,Algerian Exclusive Economic Zone,Algeria,0.001930921
8378,20,25199.7009,0.150173583,42.32407851,DZA,Algerian Exclusive Economic Zone,Algeria,0.001685506
8378,25,30707.46526,0.170903016,45.32992275,DZA,Algerian Exclusive Economic Zone,Algeria,0.001481751
8444,5,1258.969434,0.042553191,0.024292968,ASM,American Samoa Exclusive Economic Zone,United States,5.31E-05
8444,10,2787.468722,0.14893617,0.127931323,ASM,American Samoa Exclusive Economic Zone,United States,9.93E-05
8444,15,4762.110014,0.219858156,0.193089298,ASM,American Samoa Exclusive Economic Zone,United States,8.67E-05
8444,20,7206.857614,0.276595745,0.233229191,ASM,American Samoa Exclusive Economic Zone,United States,7.07E-05
8444,25,10115.71871,0.312056738,0.25345406,ASM,American Samoa Exclusive Economic Zone,United States,5.59E-05
8478,5,11006.47225,1.312114661,8.761118653,AGO,Angolan Exclusive Economic Zone,Angola,0.00091521
8478,10,18764.2789,3.185618426,19.41704163,AGO,Angolan Exclusive Economic Zone,Angola,0.001204558
8478,15,26422.03838,4.889206084,26.16399511,AGO,Angolan Exclusive Economic Zone,Angola,0.001175277
8478,20,33974.86615,6.073951232,31.50148057,AGO,Angolan Exclusive Economic Zone,Angola,0.001105977
8478,25,41438.55444,7.384467513,35.85436764,AGO,Angolan Exclusive Economic Zone,Angola,0.001043445
8412,5,822.4156631,0,0.023703228,AIA,Anguilla Exclusive Economic Zone,United Kingdom,2.88E-05
8412,10,1674.773032,0,0.031372056,AIA,Anguilla Exclusive Economic Zone,United Kingdom,1.87E-05
8412,15,2706.898722,0,0.047001801,AIA,Anguilla Exclusive Economic Zone,United Kingdom,1.74E-05
8412,20,3977.260698,0,0.062944464,AIA,Anguilla Exclusive Economic Zone,United Kingdom,1.58E-05
8412,25,5219.329357,0,0.085847817,AIA,Anguilla Exclusive Economic Zone,United Kingdom,1.64E-05
8414,5,1136.107086,0.004761905,0.102991423,ATG,Antigua and Barbuda Exclusive Economic Zone,Antigua and Barbuda,9.48E-05
8414,10,2379.431134,0.004761905,0.245206484,ATG,Antigua and Barbuda Exclusive Economic Zone,Antigua and Barbuda,0.000105054
8414,15,4131.16058,0.004761905,0.434690354,ATG,Antigua and Barbuda Exclusive Economic Zone,Antigua and Barbuda,0.000106375
8414,20,6485.54312,0.004761905,0.652984571,ATG,Antigua and Barbuda Exclusive Economic Zone,Antigua and Barbuda,0.000101417
8414,25,8813.778731,0.008438375,0.782029624,ATG,Antigua and Barbuda Exclusive Economic Zone,Antigua and Barbuda,8.97E-05
8466,5,34657.48264,5.817995178,5.479368713,ARG,Argentinean Exclusive Economic Zone,Argentina,0.000325972
8466,10,57057.81491,9.836050567,9.417301546,ARG,Argentinean Exclusive Economic Zone,Argentina,0.000337436
8466,15,78111.24063,13.54571846,12.78515817,ARG,Argentinean Exclusive Economic Zone,Argentina,0.000337095
8466,20,98305.0917,16.10417136,14.9126617,ARG,Argentinean Exclusive Economic Zone,Argentina,0.000315516
8466,25,117428.7587,17.69016367,16.24883703,ARG,Argentinean Exclusive Economic Zone,Argentina,0.000289018
26519,5,524.4281071,0.00693243,0.081795762,ABW,Aruban Exclusive Economic Zone,Netherlands,0.00016919
26519,10,1116.211616,0.01386486,0.207521122,ABW,Aruban Exclusive Economic Zone,Netherlands,0.000198337
26519,15,1889.627471,0.017325067,0.26846462,ABW,Aruban Exclusive Economic Zone,Netherlands,0.000151241
26519,20,2636.438075,0.017325067,0.324721625,ABW,Aruban Exclusive Economic Zone,Netherlands,0.000129738
26519,25,3485.373716,0.020785275,0.660390136,ABW,Aruban Exclusive Economic Zone,Netherlands,0.000195438
8323,5,236858.3389,5.723913436,50.86318416,AUS,Australian Exclusive Economic Zone,Australia,0.000238907
8323,10,388439.3746,11.18857238,87.7308085,AUS,Australian Exclusive Economic Zone,Australia,0.000254658
8323,15,520965.3655,16.09561257,110.6466388,AUS,Australian Exclusive Economic Zone,Australia,0.000243283
8323,20,642001.6861,20.61068868,128.9602746,AUS,Australian Exclusive Economic Zone,Australia,0.000232976
8323,25,754532.071,23.92997309,143.9163787,AUS,Australian Exclusive Economic Zone,Australia,0.000222451
8404,5,34710.47238,0.034990086,2.906433942,BHS,Bahamas Exclusive Economic Zone,Bahamas,8.47E-05
8404,10,64036.59639,0.046239071,5.285138863,BHS,Bahamas Exclusive Economic Zone,Bahamas,8.33E-05
8404,15,94575.68518,0.063114312,7.618077073,BHS,Bahamas Exclusive Economic Zone,Bahamas,8.12E-05
8404,20,125707.7702,0.072132574,9.783736874,BHS,Bahamas Exclusive Economic Zone,Bahamas,7.84E-05
8404,25,156090.7481,0.081492346,11.94150497,BHS,Bahamas Exclusive Economic Zone,Bahamas,7.70E-05
8358,5,1510.802437,0.268515823,0.288043219,BHR,Bahraini Exclusive Economic Zone,Bahrain,0.000368386
8358,10,2713.339619,0.806607829,0.523050063,BHR,Bahraini Exclusive Economic Zone,Bahrain,0.000490045
8358,15,3841.541469,1.444277113,0.847800608,BHR,Bahraini Exclusive Economic Zone,Bahrain,0.000596656
8358,20,4617.785517,1.825827161,1.41335255,BHR,Bahraini Exclusive Economic Zone,Bahrain,0.000701457
8358,25,5030.451166,2.103940804,1.990484992,BHR,Bahraini Exclusive Economic Zone,Bahrain,0.000813928
8481,5,10813.54579,0.02184466,16.84322305,BGD,Bangladeshi Exclusive Economic Zone,Bangladesh,0.001559624
8481,10,14367.69506,0.077693525,31.65746593,BGD,Bangladeshi Exclusive Economic Zone,Bangladesh,0.002208786
8481,15,17110.22692,0.082547894,43.09554045,BGD,Bangladeshi Exclusive Economic Zone,Bangladesh,0.002523525
8481,20,19745.13601,0.085004897,55.04542468,BGD,Bangladeshi Exclusive Economic Zone,Bangladesh,0.002792102
8481,25,22350.08275,0.085004897,70.21569744,BGD,Bangladeshi Exclusive Economic Zone,Bangladesh,0.003145434
8418,5,645.4034574,0,0.043797255,BRB,Barbados Exclusive Economic Zone,Barbados,6.79E-05
8418,10,1335.192661,0,0.093820594,BRB,Barbados Exclusive Economic Zone,Barbados,7.03E-05
8418,15,2192.909945,0,0.149308269,BRB,Barbados Exclusive Economic Zone,Barbados,6.81E-05
8418,20,3192.195165,0.003731343,0.180511674,BRB,Barbados Exclusive Economic Zone,Barbados,5.77E-05
8418,25,4352.20061,0.003731343,0.227682829,BRB,Barbados Exclusive Economic Zone,Barbados,5.32E-05
3293,5,423.2841212,1.778299913,0.458894022,BEL,Belgian Exclusive Economic Zone,Belgium,0.005285324
3293,10,752.2192378,3.798459955,0.776470105,BEL,Belgian Exclusive Economic Zone,Belgium,0.00608191
3293,15,1073.179161,4.852082297,0.975214753,BEL,Belgian Exclusive Economic Zone,Belgium,0.005429939
3293,20,1377.774044,5.460536176,1.310823887,BEL,Belgian Exclusive Economic Zone,Belgium,0.00491471
3293,25,1669.840047,5.973486395,1.627657844,BEL,Belgian Exclusive Economic Zone,Belgium,0.004552019
8457,5,7391.014492,0,1.374734538,BLZ,Belizean Exclusive Economic Zone,Belize,0.000186001
8457,10,11382.55345,0,1.501908737,BLZ,Belizean Exclusive Economic Zone,Belize,0.000131948
8457,15,14484.41379,0,1.547700685,BLZ,Belizean Exclusive Economic Zone,Belize,0.000106853
8457,20,16909.19612,0,1.60627056,BLZ,Belizean Exclusive Economic Zone,Belize,9.50E-05
8457,25,19236.50136,0,1.646107062,BLZ,Belizean Exclusive Economic Zone,Belize,8.56E-05
8393,5,761.7467151,0.007246377,0.732512329,BEN,Beninese Exclusive Economic Zone,Benin,0.000971135
8393,10,1353.321084,0.02057971,1.579442648,BEN,Beninese Exclusive Economic Zone,Benin,0.001182293
8393,15,1957.19356,0.02057971,2.180682884,BEN,Beninese Exclusive Economic Zone,Benin,0.001124704
8393,20,2542.743028,0.02057971,2.282545648,BEN,Beninese Exclusive Economic Zone,Benin,0.000905764
8393,25,3140.591491,0.02057971,2.438137221,BEN,Beninese Exclusive Economic Zone,Benin,0.000782883
26520,5,710.5653176,0,0.019814544,BES,Bonaire Exclusive Economic Zone,Netherlands,2.79E-05
26520,10,1412.70179,0,0.027940809,BES,Bonaire Exclusive Economic Zone,Netherlands,1.98E-05
26520,15,2262.973465,0.002427184,0.037110503,BES,Bonaire Exclusive Economic Zone,Netherlands,1.75E-05
26520,20,3299.920607,0.002427184,0.04876048,BES,Bonaire Exclusive Economic Zone,Netherlands,1.55E-05
26520,25,4217.552578,0.002427184,0.062537372,BES,Bonaire Exclusive Economic Zone,Netherlands,1.54E-05
8464,5,90479.49266,2.037746456,18.46849086,BRA,Brazilian Exclusive Economic Zone,Brazil,0.00022664
8464,10,131713.8566,5.270569693,36.19549351,BRA,Brazilian Exclusive Economic Zone,Brazil,0.000314819
8464,15,169981.0723,8.984666964,51.4740686,BRA,Brazilian Exclusive Economic Zone,Brazil,0.000355679
8464,20,206703.8308,12.99783943,65.66473772,BRA,Brazilian Exclusive Economic Zone,Brazil,0.000380557
8464,25,242609.8882,16.97207297,79.41726716,BRA,Brazilian Exclusive Economic Zone,Brazil,0.000397302
8411,5,1441.872913,0.005405405,0.078725792,VGB,British Virgin Islands Exclusive Economic Zone,United Kingdom,5.83E-05
8411,10,2572.48742,0.010810811,0.103499206,VGB,British Virgin Islands Exclusive Economic Zone,United Kingdom,4.44E-05
8411,15,3671.46274,0.010810811,0.157277994,VGB,British Virgin Islands Exclusive Economic Zone,United Kingdom,4.58E-05
8411,20,4771.513319,0.010810811,0.257147505,VGB,British Virgin Islands Exclusive Economic Zone,United Kingdom,5.62E-05
8411,25,5941.545662,0.019321449,0.314958315,VGB,British Virgin Islands Exclusive Economic Zone,United Kingdom,5.63E-05
26521,5,1167.511368,0.094202899,0.969442431,BRN,Bruneian Exclusive Economic Zone,Brunei,0.000911036
26521,10,1856.1994,0.115942029,2.449195527,BRN,Bruneian Exclusive Economic Zone,Brunei,0.00138193
26521,15,2500.678681,0.115942029,3.061152056,BRN,Bruneian Exclusive Economic Zone,Brunei,0.001270493
26521,20,3109.531786,0.115942029,3.393137104,BRN,Bruneian Exclusive Economic Zone,Brunei,0.001128491
26521,25,3725.724075,0.115942029,3.651681435,BRN,Bruneian Exclusive Economic Zone,Brunei,0.001011246
5672,5,1988.74009,1.928352883,1.184586652,BGR,Bulgarian Exclusive Economic Zone,Bulgaria,0.001565282
5672,10,3320.499658,3.118975977,1.675655174,BGR,Bulgarian Exclusive Economic Zone,Bulgaria,0.001443949
5672,15,4614.368786,3.760333872,1.916479793,BGR,Bulgarian Exclusive Economic Zone,Bulgaria,0.001230247
5672,20,5870.419581,4.197830029,2.135828782,BGR,Bulgarian Exclusive Economic Zone,Bulgaria,0.001078911
5672,25,7103.153682,4.485593544,2.319264895,BGR,Bulgarian Exclusive Economic Zone,Bulgaria,0.000958005
8331,5,4539.94767,0.081841432,16.21853423,KHM,Cambodian Exclusive Economic Zone,Cambodia,0.003590433
8331,10,7563.909205,0.089514066,39.35532002,KHM,Cambodian Exclusive Economic Zone,Cambodia,0.005214874
8331,15,10086.15234,0.104865893,57.24360431,KHM,Cambodian Exclusive Economic Zone,Cambodia,0.005685862
8331,20,12440.50954,0.114465691,70.52821198,KHM,Cambodian Exclusive Economic Zone,Cambodia,0.005678439
8331,25,14737.09062,0.127253415,80.19216195,KHM,Cambodian Exclusive Economic Zone,Cambodia,0.005450154
8475,5,3727.072725,0.712863443,1.629747266,CMR,Cameroonian Exclusive Economic Zone,Cameroon,0.000628539
8475,10,5546.748765,3.462524891,5.636679325,CMR,Cameroonian Exclusive Economic Zone,Cameroon,0.001640457
8475,15,7231.308516,4.819980064,8.61067573,CMR,Cameroonian Exclusive Economic Zone,Cameroon,0.001857293
8475,20,8839.67965,5.378159291,10.31607424,CMR,Cameroonian Exclusive Economic Zone,Cameroon,0.00177543
8475,25,10160.43544,5.699062023,11.15281767,CMR,Cameroonian Exclusive Economic Zone,Cameroon,0.001658578
8493,5,684998.9061,12.99846906,40.71057895,CAN,Canadian Exclusive Economic Zone,Canada,7.84E-05
8493,10,1006096.507,20.12221566,58.91335632,CAN,Canadian Exclusive Economic Zone,Canada,7.86E-05
8493,15,1269923.514,24.83966999,70.54275188,CAN,Canadian Exclusive Economic Zone,Canada,7.51E-05
8493,20,1498705.779,28.7721608,79.73295852,CAN,Canadian Exclusive Economic Zone,Canada,7.24E-05
8493,25,1702278.546,33.05421536,88.3156892,CAN,Canadian Exclusive Economic Zone,Canada,7.13E-05
8362,5,6677.672035,0.076923077,0.169010038,CPV,Cape Verdean Exclusive Economic Zone,Cape Verde,3.68E-05
8362,10,13048.22946,0.153846154,0.240128628,CPV,Cape Verdean Exclusive Economic Zone,Cape Verde,3.02E-05
8362,15,19974.56495,0.205128205,0.240128628,CPV,Cape Verdean Exclusive Economic Zone,Cape Verde,2.23E-05
8362,20,27405.06827,0.282051282,0.240128628,CPV,Cape Verdean Exclusive Economic Zone,Cape Verde,1.91E-05
8362,25,35261.504,0.333333333,0.308209064,CPV,Cape Verdean Exclusive Economic Zone,Cape Verde,1.82E-05
8407,5,1348.401441,0,0.131997302,CYM,Cayman Islands Exclusive Economic Zone,United Kingdom,9.79E-05
8407,10,2760.537558,0,0.19013933,CYM,Cayman Islands Exclusive Economic Zone,United Kingdom,6.89E-05
8407,15,4432.821855,0,0.254889598,CYM,Cayman Islands Exclusive Economic Zone,United Kingdom,5.75E-05
8407,20,6459.262751,0.015503876,0.345502794,CYM,Cayman Islands Exclusive Economic Zone,United Kingdom,5.59E-05
8407,25,8738.838605,0.022646733,0.446254353,CYM,Cayman Islands Exclusive Economic Zone,United Kingdom,5.37E-05
8465,5,145564.018,6.043022904,58.16926773,CHL,Chilean Exclusive Economic Zone,Chile,0.000441127
8465,10,189138.776,8.256398014,81.62604964,CHL,Chilean Exclusive Economic Zone,Chile,0.00047522
8465,15,226324.6334,10.10279139,96.74260125,CHL,Chilean Exclusive Economic Zone,Chile,0.000472089
8465,20,258818.839,11.39026867,106.4305217,CHL,Chilean Exclusive Economic Zone,Chile,0.000455225
8465,25,288967.1753,12.80301463,111.2879341,CHL,Chilean Exclusive Economic Zone,Chile,0.000429429
8486,5,97805.30155,316.8265402,349.6108002,CHN,Chinese Exclusive Economic Zone,China,0.006813918
8486,10,146933.8053,618.8554409,698.1747723,CHN,Chinese Exclusive Economic Zone,China,0.008963425
8486,15,188784.8804,888.0755812,1024.679528,CHN,Chinese Exclusive Economic Zone,China,0.01013193
8486,20,226479.5448,1131.129393,1313.460369,CHN,Chinese Exclusive Economic Zone,China,0.010793866
8486,25,261453.4889,1339.24932,1579.415566,CHN,Chinese Exclusive Economic Zone,China,0.011163228
8426,5,19051.96753,0.150436096,6.199302384,COL,Colombian Exclusive Economic Zone,Colombia,0.000333285
8426,10,31427.84829,0.251780291,12.29418569,COL,Colombian Exclusive Economic Zone,Colombia,0.000399199
8426,15,43731.63782,0.297110688,16.47819308,COL,Colombian Exclusive Economic Zone,Colombia,0.000383597
8426,20,55690.98766,0.327527261,18.62046602,COL,Colombian Exclusive Economic Zone,Colombia,0.000340234
8426,25,67541.06061,0.346427772,19.87863888,COL,Colombian Exclusive Economic Zone,Colombia,0.000299448
48984,5,94.81807134,0,0.022390966,,Colombian Exclusive Economic Zone (Serranilla),Colombia,0.000236147
48984,10,359.1224093,0,0.156526512,,Colombian Exclusive Economic Zone (Serranilla),Colombia,0.000435858
48984,15,689.8307088,0,0.272085563,,Colombian Exclusive Economic Zone (Serranilla),Colombia,0.000394424
48984,20,1004.014174,0,0.382898434,,Colombian Exclusive Economic Zone (Serranilla),Colombia,0.000381368
48984,25,1311.141274,0,0.472253264,,Colombian Exclusive Economic Zone (Serranilla),Colombia,0.000360185
8334,5,2602.997913,0,0.107163773,COM,Comoran Exclusive Economic Zone,Comores,4.12E-05
8334,10,5150.529487,0,0.158029272,COM,Comoran Exclusive Economic Zone,Comores,3.07E-05
8334,15,8111.266515,0,0.20204089,COM,Comoran Exclusive Economic Zone,Comores,2.49E-05
8334,20,11600.98979,0,0.252823508,COM,Comoran Exclusive Economic Zone,Comores,2.18E-05
8334,25,15018.50283,0,0.279853455,COM,Comoran Exclusive Economic Zone,Comores,1.86E-05
8394,5,1084.611009,0.066666667,2.318928729,COG,Congolese Exclusive Economic Zone,Republic of the Congo,0.002199494
8394,10,1885.442178,0.086666667,5.560283075,COG,Congolese Exclusive Economic Zone,Republic of the Congo,0.002995027
8394,15,2660.44592,0.19335563,8.769086352,COG,Congolese Exclusive Economic Zone,Republic of the Congo,0.003368774
8394,20,3424.367705,0.356880986,11.33691542,COG,Congolese Exclusive Economic Zone,Republic of the Congo,0.003414878
8394,25,4163.687608,0.514036616,13.68553434,COG,Congolese Exclusive Economic Zone,Republic of the Congo,0.003410335
8424,5,8189.266915,0.131339013,2.031821044,CRI,Costa Rican Exclusive Economic Zone,Costa Rica,0.000264146
8424,10,13428.00278,0.151295369,3.712338045,CRI,Costa Rican Exclusive Economic Zone,Costa Rica,0.00028773
8424,15,18396.17238,0.156696317,4.83166957,CRI,Costa Rican Exclusive Economic Zone,Costa Rica,0.000271163
8424,20,23368.62239,0.176677751,5.907318941,CRI,Costa Rican Exclusive Economic Zone,Costa Rica,0.000260349
8424,25,28415.84887,0.20682452,6.809581169,CRI,Costa Rican Exclusive Economic Zone,Costa Rica,0.000246919
5673,5,15764.44636,8.997158045,6.64779343,HRV,Croatian Exclusive Economic Zone,Croatia,0.00099242
5673,10,21415.57297,14.0278723,9.249465102,HRV,Croatian Exclusive Economic Zone,Croatia,0.001086935
5673,15,25956.60327,16.759941,10.46959133,HRV,Croatian Exclusive Economic Zone,Croatia,0.001049041
5673,20,30298.2917,19.1053247,11.4652515,HRV,Croatian Exclusive Economic Zone,Croatia,0.001008987
5673,25,34370.66886,21.91083431,12.33197939,HRV,Croatian Exclusive Economic Zone,Croatia,0.00099628
8406,5,43629.52471,0.014954413,3.242691581,CUB,Cuban Exclusive Economic Zone,Cuba,7.47E-05
8406,10,67270.44606,0.025195491,5.218260474,CUB,Cuban Exclusive Economic Zone,Cuba,7.79E-05
8406,15,87165.06625,0.025195491,6.519087094,CUB,Cuban Exclusive Economic Zone,Cuba,7.51E-05
8406,20,104421.9828,0.02860846,7.581960665,CUB,Cuban Exclusive Economic Zone,Cuba,7.29E-05
8406,25,119497.0804,0.02860846,8.312065548,CUB,Cuban Exclusive Economic Zone,Cuba,6.98E-05
26517,5,1063.466727,0.019481869,0.18098998,CUW,Curaçaoan Exclusive Economic Zone,Netherlands,0.000188508
26517,10,2120.920992,0.026549007,0.328027491,CUW,Curaçaoan Exclusive Economic Zone,Netherlands,0.00016718
26517,15,3321.697743,0.037212701,0.42002736,CUW,Curaçaoan Exclusive Economic Zone,Netherlands,0.000137653
26517,20,4653.731237,0.046059198,0.512922002,CUW,Curaçaoan Exclusive Economic Zone,Netherlands,0.000120115
26517,25,5936.331953,0.049592767,0.568328863,CUW,Curaçaoan Exclusive Economic Zone,Netherlands,0.000104091
8376,5,4019.049382,0.423703803,0.887782618,CYP,Cypriote Exclusive Economic Zone,Cyprus,0.000326318
8376,10,7376.106347,0.567843764,1.249535126,CYP,Cypriote Exclusive Economic Zone,Cyprus,0.000246387
8376,15,10755.92604,0.633688436,1.488940856,CYP,Cypriote Exclusive Economic Zone,Cyprus,0.000197345
8376,20,14217.04095,0.703934537,1.784348319,CYP,Cypriote Exclusive Economic Zone,Cyprus,0.000175021
8376,25,17752.54886,0.861905432,2.161041701,CYP,Cypriote Exclusive Economic Zone,Cyprus,0.000170282
5674,5,20247.74337,9.474288324,7.145960242,DNK,Danish Exclusive Economic Zone,Denmark,0.000820844
5674,10,29994.30525,16.97563915,11.03986174,DNK,Danish Exclusive Economic Zone,Denmark,0.000934027
5674,15,37443.45456,23.26076678,13.82543747,DNK,Danish Exclusive Economic Zone,Denmark,0.000990459
5674,20,44256.40027,28.94396642,16.38461214,DNK,Danish Exclusive Economic Zone,Denmark,0.001024227
5674,25,50237.71683,34.6640931,18.7193091,DNK,Danish Exclusive Economic Zone,Denmark,0.001062616
8477,5,469.3383197,0.033444816,0.450500152,COD,Democratic Republic of the Congo Exclusive Economic Zone,Democratic Republic of the Congo,0.001031122
8477,10,723.0075317,0.050167224,0.65313639,COD,Democratic Republic of the Congo Exclusive Economic Zone,Democratic Republic of the Congo,0.000972747
8477,15,948.4887428,0.063545151,1.010699492,COD,Democratic Republic of the Congo Exclusive Economic Zone,Democratic Republic of the Congo,0.001132586
8477,20,1161.711506,0.073578595,1.212041577,COD,Democratic Republic of the Congo Exclusive Economic Zone,Democratic Republic of the Congo,0.00110666
8477,25,1366.349338,0.073578595,1.357092008,COD,Democratic Republic of the Congo Exclusive Economic Zone,Democratic Republic of the Congo,0.001047075
8352,5,2194.13535,0.027313951,0.319130754,DJI,Djiboutian Exclusive Economic Zone,Djibouti,0.000157896
8352,10,3575.352656,0.052397242,0.578206677,DJI,Djiboutian Exclusive Economic Zone,Djibouti,0.000176375
8352,15,4286.323806,0.052397242,0.715528612,DJI,Djiboutian Exclusive Economic Zone,Djibouti,0.000179157
8352,20,4852.592038,0.052397242,0.861333825,DJI,Djiboutian Exclusive Economic Zone,Djibouti,0.000188298
8352,25,5356.195548,0.052397242,0.981941206,DJI,Djiboutian Exclusive Economic Zone,Djibouti,0.000193111
8417,5,899.0724056,0.002457002,0.091886649,DMA,Dominican Exclusive Economic Zone,Dominica,0.000104934
8417,10,1762.529334,0.00982801,0.194829359,DMA,Dominican Exclusive Economic Zone,Dominica,0.000116116
8417,15,2736.488791,0.024570025,0.313199104,DMA,Dominican Exclusive Economic Zone,Dominica,0.000123432
8417,20,3694.309704,0.029484029,0.369519738,DMA,Dominican Exclusive Economic Zone,Dominica,0.000108005
8417,25,4520.195494,0.029484029,0.400861222,DMA,Dominican Exclusive Economic Zone,Dominica,9.52E-05
8409,5,8378.3233,0.01,0.676460134,DOM,Dominican Republic Exclusive Economic Zone,Dominican Republic,8.19E-05
8409,10,14214.46084,0.01,1.093816362,DOM,Dominican Republic Exclusive Economic Zone,Dominican Republic,7.77E-05
8409,15,19897.37577,0.01,1.389578526,DOM,Dominican Republic Exclusive Economic Zone,Dominican Republic,7.03E-05
8409,20,25506.62628,0.01,1.632509988,DOM,Dominican Republic Exclusive Economic Zone,Dominican Republic,6.44E-05
8409,25,31188.03514,0.01,1.828179907,DOM,Dominican Republic Exclusive Economic Zone,Dominican Republic,5.89E-05
5668,5,7109.623707,24.16891022,5.797910886,NLD,Dutch Exclusive Economic Zone,Netherlands,0.004214966
5668,10,10197.71031,37.79562807,7.981422337,NLD,Dutch Exclusive Economic Zone,Netherlands,0.004488954
5668,15,12279.93302,42.84735142,9.440208161,NLD,Dutch Exclusive Economic Zone,Netherlands,0.004257968
5668,20,14119.94493,44.08504625,10.33822916,NLD,Dutch Exclusive Economic Zone,Netherlands,0.003854355
5668,25,15943.52802,44.99461425,11.37486745,NLD,Dutch Exclusive Economic Zone,Netherlands,0.003535571
8758,5,4288.361893,0,0.085122494,TLS,East Timorian Exclusive Economic Zone,East Timor,1.98E-05
8758,10,7642.621163,0,0.185092498,TLS,East Timorian Exclusive Economic Zone,East Timor,2.42E-05
8758,15,10860.42592,0.007042254,0.261370764,TLS,East Timorian Exclusive Economic Zone,East Timor,2.47E-05
8758,20,13267.55122,0.018757404,0.356217315,TLS,East Timorian Exclusive Economic Zone,East Timor,2.83E-05
8758,25,15319.87146,0.039840288,0.522746587,TLS,East Timorian Exclusive Economic Zone,East Timor,3.67E-05
8431,5,10361.07132,0.768072605,11.96049439,ECU,Ecuadorian Exclusive Economic Zone,Ecuador,0.001228499
8431,10,15488.51856,0.880317409,22.41029143,ECU,Ecuadorian Exclusive Economic Zone,Ecuador,0.001503734
8431,15,20311.97009,1.031137956,34.0713159,ECU,Ecuadorian Exclusive Economic Zone,Ecuador,0.001728166
8431,20,24443.76353,1.146157817,43.24852129,ECU,Ecuadorian Exclusive Economic Zone,Ecuador,0.001816197
8431,25,28389.66629,1.295854094,49.68416289,ECU,Ecuadorian Exclusive Economic Zone,Ecuador,0.001795724
8403,5,13225.84878,0.078210049,0.880582075,,Ecuadorian Exclusive Economic Zone (Galapagos),Ecuador,7.25E-05
8403,10,21818.76289,0.10195043,1.142381015,,Ecuadorian Exclusive Economic Zone (Galapagos),Ecuador,5.70E-05
8403,15,30646.9019,0.122198773,1.265943005,,Ecuadorian Exclusive Economic Zone (Galapagos),Ecuador,4.53E-05
8403,20,40036.66941,0.128268994,1.347266447,,Ecuadorian Exclusive Economic Zone (Galapagos),Ecuador,3.69E-05
8403,25,49889.5831,0.129966787,1.417837463,,Ecuadorian Exclusive Economic Zone (Galapagos),Ecuador,3.10E-05
8490,5,18806.85491,0.041130216,32.83093336,EGY,Egyptian Exclusive Economic Zone,Egypt,0.001747877
8490,10,32038.2933,0.094130174,68.40382239,EGY,Egyptian Exclusive Economic Zone,Egypt,0.002138003
8490,15,42945.18722,0.132940335,91.06333199,EGY,Egyptian Exclusive Economic Zone,Egypt,0.00212355
8490,20,52388.00296,0.158703454,105.6560903,EGY,Egyptian Exclusive Economic Zone,Egypt,0.002019829
8490,25,61518.39779,0.164872732,117.3841072,EGY,Egyptian Exclusive Economic Zone,Egypt,0.001910794
8428,5,2321.198469,0.033783784,2.590276131,SLV,El Salvador Exclusive Economic Zone,El Salvador,0.001130476
8428,10,3830.911396,0.047297297,11.98287232,SLV,El Salvador Exclusive Economic Zone,El Salvador,0.003140289
8428,15,5234.106466,0.052969254,16.18883755,SLV,El Salvador Exclusive Economic Zone,El Salvador,0.003103072
8428,20,6630.337809,0.052969254,18.21661629,SLV,El Salvador Exclusive Economic Zone,El Salvador,0.002755453
8428,25,7999.195796,0.052969254,19.62766554,SLV,El Salvador Exclusive Economic Zone,El Salvador,0.002460327
8398,5,3126.369484,0.180457951,1.527089214,GNQ,Equatorial Guinean Exclusive Economic Zone,Equatorial Guinea,0.000546176
8398,10,5925.310443,0.468548536,3.470682889,GNQ,Equatorial Guinean Exclusive Economic Zone,Equatorial Guinea,0.000664814
8398,15,8855.753765,0.548924733,4.084371811,GNQ,Equatorial Guinean Exclusive Economic Zone,Equatorial Guinea,0.000523196
8398,20,12029.96022,0.621086113,4.437534439,GNQ,Equatorial Guinean Exclusive Economic Zone,Equatorial Guinea,0.000420502
8398,25,15296.68852,0.636768902,4.641103361,GNQ,Equatorial Guinean Exclusive Economic Zone,Equatorial Guinea,0.000345034
8351,5,16395.09542,0,1.767737079,ERI,Eritrean Exclusive Economic Zone,Eritrea,0.000107821
8351,10,25556.59909,0,3.003914017,ERI,Eritrean Exclusive Economic Zone,Eritrea,0.00011754
8351,15,32501.68999,0,3.785396991,ERI,Eritrean Exclusive Economic Zone,Eritrea,0.000116468
8351,20,37920.28074,0.007054871,4.43342231,ERI,Eritrean Exclusive Economic Zone,Eritrea,0.0001171
8351,25,42557.19951,0.007054871,4.887208799,ERI,Eritrean Exclusive Economic Zone,Eritrea,0.000115004
5675,5,10043.03493,0.336268763,0.808575311,EST,Estonian Exclusive Economic Zone,Estonia,0.000113994
5675,10,15113.91698,0.556745262,1.018903805,EST,Estonian Exclusive Economic Zone,Estonia,0.000104252
5675,15,19934.38258,0.760111758,1.17683848,EST,Estonian Exclusive Economic Zone,Estonia,9.72E-05
5675,20,24276.72126,1.024471613,1.285921887,EST,Estonian Exclusive Economic Zone,Estonia,9.52E-05
5675,25,27354.37105,1.268508915,1.393106652,EST,Estonian Exclusive Economic Zone,Estonia,9.73E-05
8435,5,3437.608645,1.318031309,0.618462546,FRO,Faeroe Exclusive Economic Zone,Denmark,0.000563326
8435,10,5386.146981,2.37627552,0.800322213,FRO,Faeroe Exclusive Economic Zone,Denmark,0.000589772
8435,15,7400.691636,3.642911817,0.984274029,FRO,Faeroe Exclusive Economic Zone,Denmark,0.000625237
8435,20,9534.537444,4.662226872,1.120724908,FRO,Faeroe Exclusive Economic Zone,Denmark,0.000606527
8435,25,11808.82331,5.79894654,1.382780899,FRO,Faeroe Exclusive Economic Zone,Denmark,0.000608166
8325,5,26215.6114,0.486589246,0.885651468,FJI,Fijian Exclusive Economic Zone,Fiji,5.23E-05
8325,10,50062.08912,1.556742636,1.807528176,FJI,Fijian Exclusive Economic Zone,Fiji,6.72E-05
8325,15,74457.1647,2.195618344,2.464133288,FJI,Fijian Exclusive Economic Zone,Fiji,6.26E-05
8325,20,98583.75318,2.571054998,2.899468707,FJI,Fijian Exclusive Economic Zone,Fiji,5.55E-05
8325,25,121238.6526,2.822824262,3.27179657,FJI,Fijian Exclusive Economic Zone,Fiji,5.03E-05
5677,5,25406.20498,12.50181088,19.50985195,FRA,French Exclusive Economic Zone,France,0.001259994
5677,10,40802.61738,26.15380126,32.10099676,FRA,French Exclusive Economic Zone,France,0.001427722
5677,15,54551.48528,40.82767359,41.80000315,FRA,French Exclusive Economic Zone,France,0.001514673
5677,20,67074.76961,53.94646429,48.28145554,FRA,French Exclusive Economic Zone,France,0.001524089
5677,25,78870.40537,65.86951106,53.75978351,FRA,French Exclusive Economic Zone,France,0.001516783
8462,5,2870.532876,0.063054767,0.306352296,GUF,French Guiana Exclusive Economic Zone,France,0.000128689
8462,10,4826.5493,0.09896431,0.583650657,GUF,French Guiana Exclusive Economic Zone,France,0.000141429
8462,15,6643.684632,0.132303274,0.801021611,GUF,French Guiana Exclusive Economic Zone,France,0.000140483
8462,20,8286.358281,0.264286193,0.942520443,GUF,French Guiana Exclusive Economic Zone,France,0.000145638
8462,25,9894.576326,0.539173904,1.064913822,GUF,French Guiana Exclusive Economic Zone,France,0.000162118
8440,5,31691.32633,0.047945205,0.086483435,PYF,French Polynesian Exclusive Economic Zone,France,4.24E-06
8440,10,74360.94188,0.171232877,0.213563065,PYF,French Polynesian Exclusive Economic Zone,France,5.17E-06
8440,15,126963.7767,0.226027397,0.369134452,PYF,French Polynesian Exclusive Economic Zone,France,4.69E-06
8440,20,188722.8975,0.253424658,0.524507592,PYF,French Polynesian Exclusive Economic Zone,France,4.12E-06
8440,25,257553.5567,0.280821918,0.66353814,PYF,French Polynesian Exclusive Economic Zone,France,3.67E-06
8476,5,6669.602386,0.187025183,2.282558353,GAB,Gabonese Exclusive Economic Zone,Gabon,0.000370274
8476,10,10695.97011,0.339600617,3.957142264,GAB,Gabonese Exclusive Economic Zone,Gabon,0.000401716
8476,15,14350.23,0.633665611,6.233225729,GAB,Gabonese Exclusive Economic Zone,Gabon,0.000478521
8476,20,17893.54403,0.817990458,8.147867493,GAB,Gabonese Exclusive Economic Zone,Gabon,0.000501067
8476,25,21457.7374,1.122353328,10.07090662,GAB,Gabonese Exclusive Economic Zone,Gabon,0.000521642
8370,5,1416.827627,0.046357616,0.287822212,GMB,Gambian Exclusive Economic Zone,Gambia,0.000235865
8370,10,1827.990059,0.079470199,0.845041841,GMB,Gambian Exclusive Economic Zone,Gambia,0.000505753
8370,15,2175.665961,0.112582781,1.709730381,GMB,Gambian Exclusive Economic Zone,Gambia,0.000837589
8370,20,2514.950795,0.298013245,4.106491573,GMB,Gambian Exclusive Economic Zone,Gambia,0.001751328
8370,25,2851.841552,0.61589404,6.731323642,GMB,Gambian Exclusive Economic Zone,Gambia,0.002576306
5678,5,1896.610042,1.775216911,3.442078861,GEO,Georgian Exclusive Economic Zone,Georgia,0.002750853
5678,10,3343.222982,1.943425905,4.400694497,GEO,Georgian Exclusive Economic Zone,Georgia,0.001897606
5678,15,4716.06148,1.996329622,4.591210168,GEO,Georgian Exclusive Economic Zone,Georgia,0.001396831
5678,20,6042.218625,2.002154417,4.672543013,GEO,Georgian Exclusive Economic Zone,Georgia,0.001104677
5678,25,7308.885771,2.003319918,4.747573092,GEO,Georgian Exclusive Economic Zone,Georgia,0.000923656
5669,5,12526.33591,7.906413367,12.84818856,DEU,German Exclusive Economic Zone,Germany,0.001656877
5669,10,17358.62586,13.22563345,19.44349417,DEU,German Exclusive Economic Zone,Germany,0.001882011
5669,15,21307.78313,17.12732531,22.88395685,DEU,German Exclusive Economic Zone,Germany,0.001877778
5669,20,24855.41024,19.87527099,24.69309981,DEU,German Exclusive Economic Zone,Germany,0.001793105
5669,25,27331.10429,21.84680718,25.90149636,DEU,German Exclusive Economic Zone,Germany,0.001747032
8400,5,3546.715443,1.355303752,2.816428805,GHA,Ghanaian Exclusive Economic Zone,Ghana,0.001176224
8400,10,6269.272482,2.118672796,5.489177486,GHA,Ghanaian Exclusive Economic Zone,Ghana,0.001213514
8400,15,9049.679379,3.373980143,8.778496824,GHA,Ghanaian Exclusive Economic Zone,Ghana,0.001342863
8400,20,11780.00291,4.968474555,12.61926077,GHA,Ghanaian Exclusive Economic Zone,Ghana,0.001493016
8400,25,14547.33093,6.541008133,16.90130249,GHA,Ghanaian Exclusive Economic Zone,Ghana,0.001611451
5679,5,66553.80731,20.98105206,30.85827714,GRC,Greek Exclusive Economic Zone,Greece,0.000778909
5679,10,110865.7759,36.89199206,51.84648936,GRC,Greek Exclusive Economic Zone,Greece,0.000800414
5679,15,148165.3387,47.57054652,68.44626816,GRC,Greek Exclusive Economic Zone,Greece,0.000783023
5679,20,179033.8565,54.09547636,78.96845335,GRC,Greek Exclusive Economic Zone,Greece,0.000743233
5679,25,203315.2182,56.37002115,84.37468372,GRC,Greek Exclusive Economic Zone,Greece,0.000692249
8419,5,1063.227917,0.010239684,0.114980753,GRD,Grenadian Exclusive Economic Zone,Grenada,0.000117774
8419,10,2023.006727,0.019135979,0.206028391,GRD,Grenadian Exclusive Economic Zone,Grenada,0.000111302
8419,15,2982.926367,0.026711737,0.263956264,GRD,Grenadian Exclusive Economic Zone,Grenada,9.74E-05
8419,20,4027.272903,0.028765125,0.369537646,GRD,Grenadian Exclusive Economic Zone,Grenada,9.89E-05
8419,25,5117.516463,0.036565674,0.447901594,GRD,Grenadian Exclusive Economic Zone,Grenada,9.47E-05
33177,5,2674.318001,0.012418373,0.683521782,GLP,Guadeloupean Exclusive Economic Zone,France,0.000260231
33177,10,4960.76204,0.018670441,0.94537808,GLP,Guadeloupean Exclusive Economic Zone,France,0.000194335
33177,15,7207.050403,0.026041449,1.129390778,GLP,Guadeloupean Exclusive Economic Zone,France,0.00016032
33177,20,8931.771549,0.026041449,1.206306363,GLP,Guadeloupean Exclusive Economic Zone,France,0.000137974
33177,25,10721.28869,0.026041449,1.262054488,GLP,Guadeloupean Exclusive Economic Zone,France,0.000120144
48957,5,970.6550081,0.071428571,0.092798863,GUM,Guam Exclusive Economic Zone,United States,0.000169192
48957,10,1902.96667,0.157142857,0.158702685,GUM,Guam Exclusive Economic Zone,United States,0.000165975
48957,15,2986.255156,0.171428571,0.161675785,GUM,Guam Exclusive Economic Zone,United States,0.000111546
48957,20,4202.546102,0.214285714,0.186469299,GUM,Guam Exclusive Economic Zone,United States,9.54E-05
48957,25,5580.620074,0.228571429,0.188972178,GUM,Guam Exclusive Economic Zone,United States,7.48E-05
8430,5,2433.838741,0.016096579,1.976873847,GTM,Guatemalan Exclusive Economic Zone,Guatemala,0.000818859
8430,10,4236.64031,0.016096579,4.230775209,GTM,Guatemalan Exclusive Economic Zone,Guatemala,0.001002415
8430,15,5749.424788,0.017407195,6.418039065,GTM,Guatemalan Exclusive Economic Zone,Guatemala,0.00111932
8430,20,7072.939646,0.019419268,7.483004064,GTM,Guatemalan Exclusive Economic Zone,Guatemala,0.001060722
8430,25,8349.320634,0.020731604,7.845703847,GTM,Guatemalan Exclusive Economic Zone,Guatemala,0.000942165
21788,5,655.0886251,0.148807503,0.107496642,GGY,Guernsey Exclusive Economic Zone,United Kingdom,0.000391251
21788,10,1525.878289,0.391098843,0.323846718,GGY,Guernsey Exclusive Economic Zone,United Kingdom,0.000468547
21788,15,2481.024082,0.825131476,0.638915265,GGY,Guernsey Exclusive Economic Zone,United Kingdom,0.000590098
21788,20,3227.2746,1.229695513,0.912619287,GGY,Guernsey Exclusive Economic Zone,United Kingdom,0.000663815
21788,25,3835.790898,1.677786623,1.186552723,GGY,Guernsey Exclusive Economic Zone,United Kingdom,0.00074674
8471,5,9517.715684,1.074829932,1.920057083,GNB,Guinea Bissau Exclusive Economic Zone,Guinea-Bissau,0.000314664
8471,10,13369.68375,1.340136054,2.401968928,GNB,Guinea Bissau Exclusive Economic Zone,Guinea-Bissau,0.000279895
8471,15,15863.04798,1.401360544,2.702141476,GNB,Guinea Bissau Exclusive Economic Zone,Guinea-Bissau,0.000258683
8471,20,17744.45835,1.441996666,2.847439869,GNB,Guinea Bissau Exclusive Economic Zone,Guinea-Bissau,0.000241734
8471,25,19513.68831,1.475611381,3.22001037,GNB,Guinea Bissau Exclusive Economic Zone,Guinea-Bissau,0.000240632
8472,5,3946.951384,1.065316477,1.416216708,GIN,Guinean Exclusive Economic Zone,Guinea,0.000628721
8472,10,5920.303244,1.346792226,2.351614163,GIN,Guinean Exclusive Economic Zone,Guinea,0.000624699
8472,15,7783.310547,1.464568283,3.360200677,GIN,Guinean Exclusive Economic Zone,Guinea,0.000619886
8472,20,9515.444974,1.585213599,4.265812363,GIN,Guinean Exclusive Economic Zone,Guinea,0.000614898
8472,25,11169.91257,1.714988287,5.238061624,GIN,Guinean Exclusive Economic Zone,Guinea,0.00062248
8460,5,3761.316973,0,1.385101472,GUY,Guyanese Exclusive Economic Zone,Guyana,0.000368249
8460,10,5867.849868,0.020134228,2.485654185,GUY,Guyanese Exclusive Economic Zone,Guyana,0.000427037
8460,15,7979.101947,0.020134228,3.911157202,GUY,Guyanese Exclusive Economic Zone,Guyana,0.000492698
8460,20,10108.51662,0.024118292,6.348576327,GUY,Guyanese Exclusive Economic Zone,Guyana,0.000630428
8460,25,12235.29814,0.030697239,11.17386662,GUY,Guyanese Exclusive Economic Zone,Guyana,0.000915757
8408,5,9119.989944,0.007168459,0.319988803,HTI,Haitian Exclusive Economic Zone,Haiti,3.59E-05
8408,10,15356.14474,0.007168459,0.547519106,HTI,Haitian Exclusive Economic Zone,Haiti,3.61E-05
8408,15,20893.92905,0.007168459,0.710667547,HTI,Haitian Exclusive Economic Zone,Haiti,3.44E-05
8408,20,25810.54842,0.007168459,0.906517845,HTI,Haitian Exclusive Economic Zone,Haiti,3.54E-05
8408,25,30502.79828,0.007168459,1.039115503,HTI,Haitian Exclusive Economic Zone,Haiti,3.43E-05
8427,5,7917.601265,0.048197624,2.203315435,HND,Honduran Exclusive Economic Zone,Honduras,0.000284368
8427,10,13550.00365,0.087275478,4.236731574,HND,Honduran Exclusive Economic Zone,Honduras,0.000319115
8427,15,19356.12118,0.121929794,6.273676491,HND,Honduran Exclusive Economic Zone,Honduras,0.000330418
8427,20,24987.21322,0.139230832,8.217707298,HND,Honduran Exclusive Economic Zone,Honduras,0.000334449
8427,25,29883.66596,0.139230832,9.72479203,HND,Honduran Exclusive Economic Zone,Honduras,0.000330081
5680,5,21177.85924,7.544406332,1.661972448,ISL,Icelandic Exclusive Economic Zone,Iceland,0.000434717
5680,10,32781.63618,13.9009229,2.099142832,ISL,Icelandic Exclusive Economic Zone,Iceland,0.00048808
5680,15,43570.39872,18.40035846,2.39759958,ISL,Icelandic Exclusive Economic Zone,Iceland,0.000477341
5680,20,54103.06784,22.40853486,2.617669396,ISL,Icelandic Exclusive Economic Zone,Iceland,0.000462565
5680,25,64210.42074,26.16930963,2.809654794,ISL,Icelandic Exclusive Economic Zone,Iceland,0.000451312
8341,10,567.5409161,0,0,ATF,Ile Europa Exclusive Economic Zone,France,0
8341,15,1084.92749,0,0,ATF,Ile Europa Exclusive Economic Zone,France,0
8341,20,1751.614528,0,0.005841044,ATF,Ile Europa Exclusive Economic Zone,France,3.33E-06
8341,25,2575.571917,0,0.005841044,ATF,Ile Europa Exclusive Economic Zone,France,2.27E-06
8480,5,49173.59231,2.033088015,67.85757459,IND,Indian Exclusive Economic Zone,India,0.001421305
8480,10,80713.55033,4.096331001,182.8643415,IND,Indian Exclusive Economic Zone,India,0.002316348
8480,15,112825.1335,6.424519666,299.4411522,IND,Indian Exclusive Economic Zone,India,0.002710971
8480,20,144466.5673,9.105128068,409.1372706,IND,Indian Exclusive Economic Zone,India,0.002895081
8480,25,176050.1087,11.68089698,516.6578004,IND,Indian Exclusive Economic Zone,India,0.00300107
8333,5,12282.11573,0.006849315,0.733691747,,Indian Exclusive Economic Zone (Andaman and Nicobar Islands),India,6.03E-05
8333,10,22823.80994,0.006849315,1.381858922,,Indian Exclusive Economic Zone (Andaman and Nicobar Islands),India,6.08E-05
8333,15,34162.72234,0.006849315,1.751795507,,Indian Exclusive Economic Zone (Andaman and Nicobar Islands),India,5.15E-05
8333,20,45655.03739,0.006849315,1.915497547,,Indian Exclusive Economic Zone (Andaman and Nicobar Islands),India,4.21E-05
8333,25,57317.00286,0.006849315,2.063479033,,Indian Exclusive Economic Zone (Andaman and Nicobar Islands),India,3.61E-05
8492,5,405905.7061,3.000251646,215.3671952,IDN,Indonesian Exclusive Economic Zone,Indonesia,0.000537976
8492,10,689853.7339,6.569552548,414.8655746,IDN,Indonesian Exclusive Economic Zone,Indonesia,0.000610905
8492,15,961614.0389,9.496887759,573.2759282,IDN,Indonesian Exclusive Economic Zone,Indonesia,0.000606036
8492,20,1226139.94,12.60704186,692.9452243,IDN,Indonesian Exclusive Economic Zone,Indonesia,0.000575426
8492,25,1478066.708,15.97684052,798.0776148,IDN,Indonesian Exclusive Economic Zone,Indonesia,0.000550756
8469,5,17796.2083,2.979965308,23.16584658,IRN,Iranian Exclusive Economic Zone,Iran,0.001469179
8469,10,29581.37915,3.943195785,50.75510414,IRN,Iranian Exclusive Economic Zone,Iran,0.001849079
8469,15,40210.40668,4.959993882,76.04966795,IRN,Iranian Exclusive Economic Zone,Iran,0.002014644
8469,20,49981.19284,6.14440027,100.1677726,IRN,Iranian Exclusive Economic Zone,Iran,0.002127044
8469,25,59027.61579,7.36166546,122.8453271,IRN,Iranian Exclusive Economic Zone,Iran,0.002205866
5681,5,16252.50725,3.228330483,5.519345467,IRL,Irish Exclusive Economic Zone,Ireland,0.000538235
5681,10,23531.91012,5.220111477,7.484125482,IRL,Irish Exclusive Economic Zone,Ireland,0.000539873
5681,15,30181.29163,7.02762111,9.000911175,IRL,Irish Exclusive Economic Zone,Ireland,0.000531075
5681,20,36771.91156,9.367722611,10.22487274,IRL,Irish Exclusive Economic Zone,Ireland,0.000532814
5681,25,43337.63041,11.88980591,11.41091285,IRL,Irish Exclusive Economic Zone,Ireland,0.000537656
8375,5,1203.581015,0.571562903,1.725123995,ISR,Israeli Exclusive Economic Zone,Israel,0.001908211
8375,10,2092.392955,1.073328225,3.757774598,ISR,Israeli Exclusive Economic Zone,Israel,0.002308889
8375,15,2970.653792,1.252765797,4.516549558,ISR,Israeli Exclusive Economic Zone,Israel,0.001942103
8375,20,3826.993387,1.289305481,4.82645249,ISR,Israeli Exclusive Economic Zone,Israel,0.001598058
8375,25,4674.90288,1.350678794,5.10195098,ISR,Israeli Exclusive Economic Zone,Israel,0.00138027
5682,5,39049.4493,17.47595067,22.61466837,ITA,Italian Exclusive Economic Zone,Italy,0.001026663
5682,10,70151.65237,44.63248525,37.72909911,ITA,Italian Exclusive Economic Zone,Italy,0.001174051
5682,15,100922.2751,65.40140941,48.95765827,ITA,Italian Exclusive Economic Zone,Italy,0.00113314
5682,20,131123.2373,81.63247331,58.88921913,ITA,Italian Exclusive Economic Zone,Italy,0.001071677
5682,25,159714.3433,93.95687431,66.61441428,ITA,Italian Exclusive Economic Zone,Italy,0.001005365
8473,5,3303.215833,0.390236311,6.380461661,CIV,Ivory Coast Exclusive Economic Zone,Ivory Coast,0.002049729
8473,10,5868.887631,0.658331311,13.78362044,CIV,Ivory Coast Exclusive Economic Zone,Ivory Coast,0.002460765
8473,15,8428.609562,1.293476162,17.95681681,CIV,Ivory Coast Exclusive Economic Zone,Ivory Coast,0.002283923
8473,20,10970.08522,2.475426729,21.04596274,CIV,Ivory Coast Exclusive Economic Zone,Ivory Coast,0.002144139
8473,25,13512.96193,3.079895363,22.07898801,CIV,Ivory Coast Exclusive Economic Zone,Ivory Coast,0.001861833
8459,5,4034.065696,0.002724796,0.348322135,JAM,Jamaican Exclusive Economic Zone,Jamaica,8.70E-05
8459,10,7088.931483,0.005449591,0.75758868,JAM,Jamaican Exclusive Economic Zone,Jamaica,0.000107638
8459,15,10251.54024,0.005449591,1.023860322,JAM,Jamaican Exclusive Economic Zone,Jamaica,0.000100405
8459,20,13548.81162,0.005449591,1.187408799,JAM,Jamaican Exclusive Economic Zone,Jamaica,8.80E-05
8459,25,17046.34129,0.005449591,1.513435162,JAM,Jamaican Exclusive Economic Zone,Jamaica,8.91E-05
8487,5,107446.8589,27.65907446,268.9770968,JPN,Japanese Exclusive Economic Zone,Japan,0.002760771
8487,10,182170.9966,45.82720554,422.2674038,JPN,Japanese Exclusive Economic Zone,Japan,0.002569534
8487,15,254007.3185,58.2388564,512.4380544,JPN,Japanese Exclusive Economic Zone,Japan,0.002246695
8487,20,322603.2806,68.10007199,574.1601084,JPN,Japanese Exclusive Economic Zone,Japan,0.001990867
8487,25,388462.4096,77.74459369,623.1439721,JPN,Japanese Exclusive Economic Zone,Japan,0.001804264
21789,5,417.7313236,0.07767714,0.158036561,JEY,Jersey Exclusive Economic Zone,United Kingdom,0.000564271
21789,10,936.8693999,0.244899514,0.723050537,JEY,Jersey Exclusive Economic Zone,United Kingdom,0.001033175
21789,15,1479.449293,0.526274086,1.451802225,JEY,Jersey Exclusive Economic Zone,United Kingdom,0.001337036
21789,20,1898.564251,0.752622498,1.906187833,JEY,Jersey Exclusive Economic Zone,United Kingdom,0.001400432
21789,25,2251.200693,0.922619719,2.199177102,JEY,Jersey Exclusive Economic Zone,United Kingdom,0.001386725
48961,5,130.4570889,0,0,URY,Joint regime area Argentina / Uruguay,Uruguay,0
48961,10,350.0813727,0.014388489,0.053089486,URY,Joint regime area Argentina / Uruguay,Uruguay,0.000192749
48961,15,653.4682192,0.115107914,0.294426396,URY,Joint regime area Argentina / Uruguay,Uruguay,0.000626709
48961,20,1045.821978,0.215827338,0.324462629,URY,Joint regime area Argentina / Uruguay,Uruguay,0.000516618
48961,25,1519.020118,0.294964029,0.360242996,URY,Joint regime area Argentina / Uruguay,Uruguay,0.000431335
21792,10,8.293991573,0,0.007283284,JAM,Joint regime area Colombia / Jamaica,Jamaica,0.00087814
21792,15,137.4391801,0,0.021695452,JAM,Joint regime area Colombia / Jamaica,Jamaica,0.000157855
21792,20,420.6080671,0,0.104536366,JAM,Joint regime area Colombia / Jamaica,Jamaica,0.000248536
21792,25,830.5865541,0,0.136913057,JAM,Joint regime area Colombia / Jamaica,Jamaica,0.000164839
48974,15,9.853638241,0,0.002146697,ECU,Joint regime area Ecuador / Colombia,Ecuador,0.000217858
48974,20,130.5583365,0,0.021091354,ECU,Joint regime area Ecuador / Colombia,Ecuador,0.000161547
48974,25,421.2454222,0,0.043241458,ECU,Joint regime area Ecuador / Colombia,Ecuador,0.000102651
48976,5,0.926127746,0,0,FRA,Joint regime area Italy / France,France,0
48976,10,51.83321178,0.005675369,0.006446184,FRA,Joint regime area Italy / France,France,0.000233857
48976,15,81.45553629,0.0079533,0.006496129,FRA,Joint regime area Italy / France,France,0.00017739
48976,20,81.45553629,0.0079533,0.006496129,FRA,Joint regime area Italy / France,France,0.00017739
48976,25,81.45553629,0.0079533,0.006496129,FRA,Joint regime area Italy / France,France,0.00017739
48962,10,72.57752356,0,0.256267911,PER,Joint regime area Peru / Ecuador,Peru,0.003530954
48962,15,244.7827031,0.007407407,1.005054348,PER,Joint regime area Peru / Ecuador,Peru,0.004136165
48962,20,430.5169865,0.014814815,2.11414907,PER,Joint regime area Peru / Ecuador,Peru,0.004945133
48962,25,670.3539384,0.022222222,2.556474789,PER,Joint regime area Peru / Ecuador,Peru,0.003846769
48964,25,60.19819541,0.145695364,0.413892662,SEN,Joint regime area Senegal / Guinea Bissau,Senegal,0.009295761
48977,20,3.821454736,0.025534866,0.003230162,NOR,Joint regime area Sweden / Norway,Norway,0.007527245
48977,25,118.6704532,0.326687526,0.044392126,NOR,Joint regime area Sweden / Norway,Norway,0.003126976
8339,5,144.8817548,0,0.013114357,ATF,Juan de Nova Exclusive Economic Zone,France,9.05E-05
8339,10,458.2006256,0,0.013114357,ATF,Juan de Nova Exclusive Economic Zone,France,2.86E-05
8339,15,929.3577892,0,0.023885234,ATF,Juan de Nova Exclusive Economic Zone,France,2.57E-05
8339,20,1559.53423,0,0.023885234,ATF,Juan de Nova Exclusive Economic Zone,France,1.53E-05
8339,25,2342.828509,0,0.023885234,ATF,Juan de Nova Exclusive Economic Zone,France,1.02E-05
8349,5,4261.77685,0.10666197,0.293915649,KEN,Kenyan Exclusive Economic Zone,Kenya,9.40E-05
8349,10,6661.648546,0.14869267,0.666030397,KEN,Kenyan Exclusive Economic Zone,Kenya,0.000122301
8349,15,9065.096667,0.173259875,0.927460223,KEN,Kenyan Exclusive Economic Zone,Kenya,0.000121424
8349,20,11469.65328,0.203953336,1.03909826,KEN,Kenyan Exclusive Economic Zone,Kenya,0.000108377
8349,25,13800.48177,0.22715057,1.120435525,KEN,Kenyan Exclusive Economic Zone,Kenya,9.76E-05
8357,5,2525.831844,0.006993007,3.264947715,KWT,Kuwaiti Exclusive Economic Zone,Kuwait,0.001295391
8357,10,3823.002337,0.034952852,6.526798564,KWT,Kuwaiti Exclusive Economic Zone,Kuwait,0.001716387
8357,15,4698.571373,0.034952852,8.309468063,KWT,Kuwaiti Exclusive Economic Zone,Kuwait,0.001775949
8357,20,5474.278872,0.048926683,9.750156506,KWT,Kuwaiti Exclusive Economic Zone,Kuwait,0.001790023
8357,25,6178.052653,0.055895324,11.34896201,KWT,Kuwaiti Exclusive Economic Zone,Kuwait,0.001846028
5683,5,2999.922291,0.975350069,0.523708501,LVA,Latvian Exclusive Economic Zone,Latvia,0.000499699
5683,10,5444.543045,2.070997959,0.976730096,LVA,Latvian Exclusive Economic Zone,Latvia,0.000559777
5683,15,7850.174465,3.01856627,1.229772184,LVA,Latvian Exclusive Economic Zone,Latvia,0.000541178
5683,20,9988.171627,3.616586447,1.43772244,LVA,Latvian Exclusive Economic Zone,Latvia,0.000506029
5683,25,12026.6724,4.205672002,1.632291851,LVA,Latvian Exclusive Economic Zone,Latvia,0.000485418
8374,5,1345.959535,0.004026053,0.20524251,LBN,Lebanese Exclusive Economic Zone,Lebanon,0.000155479
8374,10,2384.183027,0.005355841,0.638055532,LBN,Lebanese Exclusive Economic Zone,Lebanon,0.000269867
8374,15,3394.702648,0.005355841,0.778205699,LBN,Lebanese Exclusive Economic Zone,Lebanon,0.000230819
8374,20,4410.171661,0.005355841,0.991141463,LBN,Lebanese Exclusive Economic Zone,Lebanon,0.000225954
8374,25,5420.424352,0.005355841,1.163811223,LBN,Lebanese Exclusive Economic Zone,Lebanon,0.000215697
8391,5,3834.206109,0.108133828,0.619765146,LBR,Liberian Exclusive Economic Zone,Liberia,0.000189843
8391,10,6636.56805,0.123059201,0.847244922,LBR,Liberian Exclusive Economic Zone,Liberia,0.000146206
8391,15,9428.092051,0.521886551,1.453047698,LBR,Liberian Exclusive Economic Zone,Liberia,0.000209473
8391,20,12214.9522,1.022026105,2.188693449,LBR,Liberian Exclusive Economic Zone,Liberia,0.000262852
8391,25,15015.49432,1.448158232,2.809466124,LBR,Liberian Exclusive Economic Zone,Liberia,0.000283549
8372,5,11055.96493,0.040405387,2.921690973,LBY,Libyan Exclusive Economic Zone,Libya,0.000267918
8372,10,19637.91523,0.077961101,5.357742145,LBY,Libyan Exclusive Economic Zone,Libya,0.000276796
8372,15,28212.89362,0.093834761,8.297471751,LBY,Libyan Exclusive Economic Zone,Libya,0.000297428
8372,20,36799.33713,0.103457905,10.32913948,LBY,Libyan Exclusive Economic Zone,Libya,0.0002835
8372,25,45368.09788,0.109676467,11.93487037,LBY,Libyan Exclusive Economic Zone,Libya,0.000265485
5684,5,1035.203633,0.062402446,0.244429157,LTU,Lithuanian Exclusive Economic Zone,Lithuania,0.000296397
5684,10,1486.325544,0.121297487,0.3466083,LTU,Lithuanian Exclusive Economic Zone,Lithuania,0.000314807
5684,15,1891.242726,0.2100708,0.428379231,LTU,Lithuanian Exclusive Economic Zone,Lithuania,0.000337582
5684,20,2284.974869,0.30494286,0.47923208,LTU,Lithuanian Exclusive Economic Zone,Lithuania,0.000343188
5684,25,2659.173702,0.432806484,0.54115318,LTU,Lithuanian Exclusive Economic Zone,Lithuania,0.000366264
8348,5,35967.00607,2.071302491,7.274681044,MDG,Madagascan Exclusive Economic Zone,Madagascar,0.000259849
8348,10,59540.61549,4.422283157,14.29617778,MDG,Madagascan Exclusive Economic Zone,Madagascar,0.000314381
8348,15,81434.13886,5.33230408,16.9295144,MDG,Madagascan Exclusive Economic Zone,Madagascar,0.000273372
8348,20,102169.2017,5.560407982,18.34754468,MDG,Madagascan Exclusive Economic Zone,Madagascar,0.000234004
8348,25,122391.3952,5.656427923,19.01312496,MDG,Madagascan Exclusive Economic Zone,Madagascar,0.000201563
8483,5,36797.22559,1.897875366,44.5125651,MYS,Malaysian Exclusive Economic Zone,Malaysia,0.001261248
8483,10,60752.80723,4.634288097,106.8604768,MYS,Malaysian Exclusive Economic Zone,Malaysia,0.00183522
8483,15,81333.76685,8.117853755,175.8996137,MYS,Malaysian Exclusive Economic Zone,Malaysia,0.002262498
8483,20,99215.27522,10.70170795,231.0881099,MYS,Malaysian Exclusive Economic Zone,Malaysia,0.002437022
8483,25,115467.1467,13.37092293,284.3591896,MYS,Malaysian Exclusive Economic Zone,Malaysia,0.002578483
5685,5,792.9815073,0.401724122,0.113952975,MLT,Maltese Exclusive Economic Zone,Malta,0.000650302
5685,10,1544.110673,0.985503168,0.256620887,MLT,Maltese Exclusive Economic Zone,Malta,0.000804427
5685,15,2455.797208,1.457124382,0.403842479,MLT,Maltese Exclusive Economic Zone,Malta,0.000757785
5685,20,3520.152747,1.775992534,0.612800744,MLT,Maltese Exclusive Economic Zone,Malta,0.000678605
5685,25,4730.05132,2.07287024,1.113074555,MLT,Maltese Exclusive Economic Zone,Malta,0.000673554
33178,5,1323.232716,0.009432305,0.198421378,MTQ,Martinican Exclusive Economic Zone,France,0.00015708
33178,10,2408.036165,0.015877568,0.345971713,MTQ,Martinican Exclusive Economic Zone,France,0.000150267
33178,15,3653.844366,0.024372986,0.489637014,MTQ,Martinican Exclusive Economic Zone,France,0.000140676
33178,20,4996.012751,0.033297979,0.613315328,MTQ,Martinican Exclusive Economic Zone,France,0.000129426
33178,25,6202.331679,0.033297979,0.723340077,MTQ,Martinican Exclusive Economic Zone,France,0.000121993
8369,5,5591.434679,3.006449948,3.68919696,MRT,Mauritanian Exclusive Economic Zone,Mauritania,0.001197483
8369,10,9194.422424,3.379724575,5.269774637,MRT,Mauritanian Exclusive Economic Zone,Mauritania,0.000940733
8369,15,12598.79556,4.383525897,8.547155998,MRT,Mauritanian Exclusive Economic Zone,Mauritania,0.001026343
8369,20,15806.90459,6.653106939,14.55229255,MRT,Mauritanian Exclusive Economic Zone,Mauritania,0.001341528
8369,25,18906.66836,8.805450079,22.61367687,MRT,Mauritanian Exclusive Economic Zone,Mauritania,0.001661801
8343,5,2445.554933,0.297905065,0.113893887,MUS,Mauritian Exclusive Economic Zone,Republic of Mauritius,0.000168387
8343,10,5177.138023,0.70753334,0.19721569,MUS,Mauritian Exclusive Economic Zone,Republic of Mauritius,0.000174759
8343,15,8438.166199,0.886310985,0.298388071,MUS,Mauritian Exclusive Economic Zone,Republic of Mauritius,0.000140398
8343,20,12313.7286,1.042439941,0.371309865,MUS,Mauritian Exclusive Economic Zone,Republic of Mauritius,0.000114811
8343,25,16799.8895,1.146644391,0.435861995,MUS,Mauritian Exclusive Economic Zone,Republic of Mauritius,9.42E-05
8429,5,86410.49773,0.64876514,63.44541523,MEX,Mexican Exclusive Economic Zone,Mexico,0.000741741
8429,10,144638.5761,1.031402056,127.1550896,MEX,Mexican Exclusive Economic Zone,Mexico,0.000886254
8429,15,199789.183,1.380266062,173.0248289,MEX,Mexican Exclusive Economic Zone,Mexico,0.000872946
8429,20,253809.3102,1.775337598,208.2149314,MEX,Mexican Exclusive Economic Zone,Mexico,0.000827354
8429,25,307455.6242,2.090686738,236.4469837,MEX,Mexican Exclusive Economic Zone,Mexico,0.000775844
21790,5,29.39016037,0.003412969,0.014733953,MCO,Monégasque Exclusive Economic Zone,Monaco,0.000617449
21790,10,51.67468832,0.003412969,0.015913003,MCO,Monégasque Exclusive Economic Zone,Monaco,0.000373993
21790,15,75.76063437,0.003412969,0.020703227,MCO,Monégasque Exclusive Economic Zone,Monaco,0.000318321
21790,20,99.86615139,0.003412969,0.022869117,MCO,Monégasque Exclusive Economic Zone,Monaco,0.000263173
21790,25,123.9895927,0.003412969,0.025948959,MCO,Monégasque Exclusive Economic Zone,Monaco,0.00023681
5691,5,826.3703236,0.092934402,0.18107605,MNE,Montenegrin Exclusive economic Zone,Montenegro,0.000331583
5691,10,1311.239656,0.174683926,0.277598864,MNE,Montenegrin Exclusive economic Zone,Montenegro,0.000344928
5691,15,1794.686241,0.230370794,0.434203868,MNE,Montenegrin Exclusive economic Zone,Montenegro,0.000370301
5691,20,2283.013938,0.25647307,0.554836523,MNE,Montenegrin Exclusive economic Zone,Montenegro,0.000355368
5691,25,2730.288631,0.296334328,0.878889377,MNE,Montenegrin Exclusive economic Zone,Montenegro,0.000430439
8415,5,352.7763666,0,0.045074083,MSR,Montserrat Exclusive Economic Zone,United Kingdom,0.00012777
8415,10,765.7646279,0,0.079724528,MSR,Montserrat Exclusive Economic Zone,United Kingdom,0.000104111
8415,15,1189.488066,0,0.135859257,MSR,Montserrat Exclusive Economic Zone,United Kingdom,0.000114217
8415,20,1647.559542,0.007109005,0.164665423,MSR,Montserrat Exclusive Economic Zone,United Kingdom,0.00010426
8415,25,2143.531508,0.011848341,0.203034727,MSR,Montserrat Exclusive Economic Zone,United Kingdom,0.000100247
8367,5,12215.33038,0.676210141,37.94569874,MAR,Moroccan Exclusive Economic Zone,Morocco,0.003161757
8367,10,20645.54921,1.305105524,92.19926239,MAR,Moroccan Exclusive Economic Zone,Morocco,0.004529033
8367,15,28936.82434,1.786256266,134.9931442,MAR,Moroccan Exclusive Economic Zone,Morocco,0.004726828
8367,20,37048.68714,2.31074306,166.3825428,MAR,Moroccan Exclusive Economic Zone,Morocco,0.004553286
8367,25,45065.23205,3.430626913,191.3925406,MAR,Moroccan Exclusive Economic Zone,Morocco,0.004323137
8347,5,22925.23079,1.150800606,2.111229531,MOZ,Mozambican Exclusive Economic Zone,Mozambique,0.00014229
8347,10,36637.74135,1.821039631,6.000516007,MOZ,Mozambican Exclusive Economic Zone,Mozambique,0.000213484
8347,15,49386.08426,2.740865751,11.65986345,MOZ,Mozambican Exclusive Economic Zone,Mozambique,0.000291595
8347,20,61902.9277,3.730274061,17.34351548,MOZ,Mozambican Exclusive Economic Zone,Mozambique,0.000340433
8347,25,74278.92612,4.601646481,20.82039031,MOZ,Mozambican Exclusive Economic Zone,Mozambique,0.000342251
8482,5,42707.1143,0.093980951,59.38250516,MMR,Myanmar Exclusive Economic Zone,Myanmar,0.00139266
8482,10,64807.3289,0.166601879,140.0446233,MMR,Myanmar Exclusive Economic Zone,Myanmar,0.002163509
8482,15,80032.86423,0.20552205,202.3387966,MMR,Myanmar Exclusive Economic Zone,Myanmar,0.002530764
8482,20,93481.04115,0.209908015,250.5119064,MMR,Myanmar Exclusive Economic Zone,Myanmar,0.002682061
8482,25,105879.5638,0.22165776,290.2395726,MMR,Myanmar Exclusive Economic Zone,Myanmar,0.002743317
8395,5,9580.712553,1.150984038,2.305505808,NAM,Namibian Exclusive Economic Zone,Namibia,0.000360776
8395,10,16860.95422,1.491747397,2.970926638,NAM,Namibian Exclusive Economic Zone,Namibia,0.000264675
8395,15,24101.79672,1.845842264,3.543704833,NAM,Namibian Exclusive Economic Zone,Namibia,0.000223616
8395,20,31349.12918,2.223405624,4.081377587,NAM,Namibian Exclusive Economic Zone,Namibia,0.000201115
8395,25,38587.25701,2.601213114,4.469474657,NAM,Namibian Exclusive Economic Zone,Namibia,0.000183239
8312,5,14737.67746,0.045371295,0.34621438,NCL,New Caledonian Exclusive Economic Zone,France,2.66E-05
8312,10,28232.15657,0.096910951,0.51510609,NCL,New Caledonian Exclusive Economic Zone,France,2.17E-05
8312,15,42552.1584,0.139346757,0.708004558,NCL,New Caledonian Exclusive Economic Zone,France,1.99E-05
8312,20,57999.19446,0.185148984,0.755637203,NCL,New Caledonian Exclusive Economic Zone,France,1.62E-05
8312,25,74525.69779,0.371053138,0.86288834,NCL,New Caledonian Exclusive Economic Zone,France,1.66E-05
8455,5,58508.30177,2.400520399,15.01409959,NZL,New Zealand Exclusive Economic Zone,New Zealand,0.000297644
8455,10,95457.30779,5.200615161,24.6427062,NZL,New Zealand Exclusive Economic Zone,New Zealand,0.000312635
8455,15,131230.524,7.119868267,30.89237314,NZL,New Zealand Exclusive Economic Zone,New Zealand,0.00028966
8455,20,166174.0294,8.676195892,35.21602857,NZL,New Zealand Exclusive Economic Zone,New Zealand,0.000264134
8455,25,201405.199,10.78087372,38.78580402,NZL,New Zealand Exclusive Economic Zone,New Zealand,0.000246104
8425,5,8009.812424,0.003636364,3.301085172,NIC,Nicaraguan Exclusive Economic Zone,Nicaragua,0.000412584
8425,10,14177.21636,0.003636364,5.329451454,NIC,Nicaraguan Exclusive Economic Zone,Nicaragua,0.000376173
8425,15,20239.64802,0.003636364,6.754097285,NIC,Nicaraguan Exclusive Economic Zone,Nicaragua,0.000333886
8425,20,26363.53634,0.007182463,8.272832884,NIC,Nicaraguan Exclusive Economic Zone,Nicaragua,0.000314071
8425,25,32721.16349,0.007182463,9.511529416,NIC,Nicaraguan Exclusive Economic Zone,Nicaragua,0.000290904
8474,5,7440.794311,0.619404642,6.285489892,NGA,Nigerian Exclusive Economic Zone,Nigeria,0.000927978
8474,10,11374.34751,3.397985229,17.94497328,NGA,Nigerian Exclusive Economic Zone,Nigeria,0.001876412
8474,15,15200.10668,9.759742449,34.65628805,NGA,Nigerian Exclusive Economic Zone,Nigeria,0.002922087
8474,20,19006.55082,16.8860181,51.61746942,NGA,Nigerian Exclusive Economic Zone,Nigeria,0.003604204
8474,25,22770.31374,23.02646433,65.49026465,NGA,Nigerian Exclusive Economic Zone,Nigeria,0.003887374
8328,5,12589.63763,0.254507205,186.3498115,PRK,North Korean Exclusive Economic Zone,North Korea,0.014822056
8328,10,18731.51172,0.577799759,361.736884,PRK,North Korean Exclusive Economic Zone,North Korea,0.019342522
8328,15,23803.02369,0.947124375,494.8937754,PRK,North Korean Exclusive Economic Zone,North Korea,0.020831005
8328,20,28476.43659,1.139886534,591.0752103,PRK,North Korean Exclusive Economic Zone,North Korea,0.020796671
8328,25,32973.62639,1.326795081,665.5937167,PRK,North Korean Exclusive Economic Zone,North Korea,0.020225877
48980,5,3134.741506,0,0.033085885,MNP,Northern Mariana Exclusive Economic Zone,United States,1.06E-05
48980,10,7755.42212,0,0.07105034,MNP,Northern Mariana Exclusive Economic Zone,United States,9.16E-06
48980,15,14227.29165,0,0.086483233,MNP,Northern Mariana Exclusive Economic Zone,United States,6.08E-06
48980,20,22302.07513,0,0.092858673,MNP,Northern Mariana Exclusive Economic Zone,United States,4.16E-06
48980,25,31590.88678,0,0.102054421,MNP,Northern Mariana Exclusive Economic Zone,United States,3.23E-06
5686,5,82490.49359,37.37835574,37.86637188,NOR,Norwegian Exclusive Economic Zone,Norway,0.000912162
5686,10,103113.3559,60.08967976,44.91876223,NOR,Norwegian Exclusive Economic Zone,Norway,0.001018379
5686,15,119912.5464,73.50189398,48.4478097,NOR,Norwegian Exclusive Economic Zone,Norway,0.001016989
5686,20,135495.5005,81.11445426,50.31128926,NOR,Norwegian Exclusive Economic Zone,Norway,0.000969964
5686,25,150675.7188,86.79318831,51.46095844,NOR,Norwegian Exclusive Economic Zone,Norway,0.000917561
21791,5,349.0321537,0,0.015703221,,Oecussi Ambeno Exclusive Economic Zone,East Timor,4.50E-05
21791,10,612.9816881,0,0.028500772,,Oecussi Ambeno Exclusive Economic Zone,East Timor,4.65E-05
21791,15,861.1571449,0,0.029829173,,Oecussi Ambeno Exclusive Economic Zone,East Timor,3.46E-05
21791,20,1105.721408,0,0.033453146,,Oecussi Ambeno Exclusive Economic Zone,East Timor,3.03E-05
21791,25,1352.75363,0,0.043269086,,Oecussi Ambeno Exclusive Economic Zone,East Timor,3.20E-05
8354,5,15050.33816,0.119361749,11.14910273,OMN,Omani Exclusive Economic Zone,Oman,0.000748718
8354,10,26863.56256,0.177790413,22.38816175,OMN,Omani Exclusive Economic Zone,Oman,0.000840021
8354,15,38139.0663,0.289849777,32.34618999,OMN,Omani Exclusive Economic Zone,Oman,0.000855712
8354,20,49075.84886,0.335266944,41.42619534,OMN,Omani Exclusive Economic Zone,Oman,0.000850958
8354,25,59408.40977,0.447260172,50.64555425,OMN,Omani Exclusive Economic Zone,Oman,0.000860027
49001,5,25.16158534,0,0.294615381,,Overlapping claim Alhucemas Islands: Spain / Morocco,Spain,0.011708936
49001,10,25.16158534,0,0.294615381,,Overlapping claim Alhucemas Islands: Spain / Morocco,Spain,0.011708936
49001,15,25.16158534,0,0.294615381,,Overlapping claim Alhucemas Islands: Spain / Morocco,Spain,0.011708936
49001,20,25.16158534,0,0.294615381,,Overlapping claim Alhucemas Islands: Spain / Morocco,Spain,0.011708936
49001,25,25.16158534,0,0.294615381,,Overlapping claim Alhucemas Islands: Spain / Morocco,Spain,0.011708936
49002,5,56.91078559,0.004479283,0.056113036,,Overlapping claim Ceuta: Spain / Morocco,Spain,0.00106469
49002,10,63.9043875,0.004479283,0.083005525,,Overlapping claim Ceuta: Spain / Morocco,Spain,0.001368995
49002,15,63.9043875,0.004479283,0.083005525,,Overlapping claim Ceuta: Spain / Morocco,Spain,0.001368995
49002,20,63.9043875,0.004479283,0.083005525,,Overlapping claim Ceuta: Spain / Morocco,Spain,0.001368995
49002,25,63.9043875,0.004479283,0.083005525,,Overlapping claim Ceuta: Spain / Morocco,Spain,0.001368995
48997,5,36.2625083,0,0.354917133,,Overlapping claim Chafarinas Islands: Spain / Morocco,Spain,0.00978744
48997,10,39.28421892,0.001672241,0.377385704,,Overlapping claim Chafarinas Islands: Spain / Morocco,Spain,0.009649115
48997,15,39.28421892,0.001672241,0.377385704,,Overlapping claim Chafarinas Islands: Spain / Morocco,Spain,0.009649115
48997,20,39.28421892,0.001672241,0.377385704,,Overlapping claim Chafarinas Islands: Spain / Morocco,Spain,0.009649115
48997,25,39.28421892,0.001672241,0.377385704,,Overlapping claim Chafarinas Islands: Spain / Morocco,Spain,0.009649115
48956,5,79.32345579,0,0,,Overlapping claim Doumeira Islands: Djibouti / Eritrea,Eritrea,0
48956,10,169.4561892,0,0.031958582,,Overlapping claim Doumeira Islands: Djibouti / Eritrea,Eritrea,0.000188595
48956,15,257.1738024,0,0.06286275,,Overlapping claim Doumeira Islands: Djibouti / Eritrea,Eritrea,0.000244437
48956,20,283.6044363,0,0.064470594,,Overlapping claim Doumeira Islands: Djibouti / Eritrea,Eritrea,0.000227326
48956,25,283.6044363,0,0.064470594,,Overlapping claim Doumeira Islands: Djibouti / Eritrea,Eritrea,0.000227326
8389,5,15057.46784,0.794852192,1.183096238,FLK,Overlapping claim Falkland / Malvinas Islands: UK / Argentina,United Kingdom,0.00013136
8389,10,21281.95812,1.238956847,1.607918839,FLK,Overlapping claim Falkland / Malvinas Islands: UK / Argentina,United Kingdom,0.000133769
8389,15,26602.96155,1.497876317,1.955874166,FLK,Overlapping claim Falkland / Malvinas Islands: UK / Argentina,United Kingdom,0.000129826
8389,20,31924.36412,1.691811077,2.155315612,FLK,Overlapping claim Falkland / Malvinas Islands: UK / Argentina,United Kingdom,0.000120508
8389,25,37395.97558,1.904434251,2.30025376,FLK,Overlapping claim Falkland / Malvinas Islands: UK / Argentina,United Kingdom,0.000112437
8365,5,109.4876504,0.005589095,0.08766772,GIB,Overlapping claim Gibraltarian Exclusive Economic Zone,United Kingdom,0.000851756
8365,10,216.044011,0.020136756,0.131278518,GIB,Overlapping claim Gibraltarian Exclusive Economic Zone,United Kingdom,0.000700854
8365,15,308.6686238,0.025733358,0.170467838,GIB,Overlapping claim Gibraltarian Exclusive Economic Zone,United Kingdom,0.000635637
8365,20,378.3750007,0.030210138,0.191048816,GIB,Overlapping claim Gibraltarian Exclusive Economic Zone,United Kingdom,0.000584761
8365,25,421.1925682,0.030210138,0.203190074,GIB,Overlapping claim Gibraltarian Exclusive Economic Zone,United Kingdom,0.000554141
48946,10,370.9144316,0,0,,Overlapping claim Ile Tromelin: Reunion / Madagascar / Mauritus,France,0
48946,15,796.3423774,0,0,,Overlapping claim Ile Tromelin: Reunion / Madagascar / Mauritus,France,0
48946,20,1381.745184,0,0,,Overlapping claim Ile Tromelin: Reunion / Madagascar / Mauritus,France,0
48946,25,2123.579814,0,0,,Overlapping claim Ile Tromelin: Reunion / Madagascar / Mauritus,France,0
48950,5,6744.966691,4.433775463,5.225081115,,Overlapping claim Kuril Islands: Japan / Russia,Japan,0.00143201
48950,10,12631.8224,6.759955422,7.306699228,,Overlapping claim Kuril Islands: Japan / Russia,Japan,0.001113589
48950,15,18397.23888,9.009337295,8.794141502,,Overlapping claim Kuril Islands: Japan / Russia,Japan,0.000967726
48950,20,23785.83027,10.70014877,9.684331684,,Overlapping claim Kuril Islands: Japan / Russia,Japan,0.000857001
48950,25,28874.05041,12.43304136,10.58579499,,Overlapping claim Kuril Islands: Japan / Russia,Japan,0.000797215
48944,5,1027.211252,0,0.01611305,MYT,Overlapping claim Mayotte: France / Comoros,France,1.57E-05
48944,10,1891.045152,0,0.026319714,MYT,Overlapping claim Mayotte: France / Comoros,France,1.39E-05
48944,15,2882.228018,0,0.047951667,MYT,Overlapping claim Mayotte: France / Comoros,France,1.66E-05
48944,20,4012.772371,0.008057348,0.075052381,MYT,Overlapping claim Mayotte: France / Comoros,France,2.07E-05
48944,25,5316.325464,0.008057348,0.106011031,MYT,Overlapping claim Mayotte: France / Comoros,France,2.15E-05
49000,5,38.20862351,0.003344482,0.23744101,,Overlapping claim Melilla: Spain / Morocco,Spain,0.006301863
49000,10,38.20862351,0.003344482,0.23744101,,Overlapping claim Melilla: Spain / Morocco,Spain,0.006301863
49000,15,38.20862351,0.003344482,0.23744101,,Overlapping claim Melilla: Spain / Morocco,Spain,0.006301863
49000,20,38.20862351,0.003344482,0.23744101,,Overlapping claim Melilla: Spain / Morocco,Spain,0.006301863
49000,25,38.20862351,0.003344482,0.23744101,,Overlapping claim Melilla: Spain / Morocco,Spain,0.006301863
48951,5,132.1025713,0,0,,Overlapping claim Navassa Island: USA / Haiti / Jamaica,Haiti,0
48951,10,424.3619509,0,0.040537906,,Overlapping claim Navassa Island: USA / Haiti / Jamaica,Haiti,9.55E-05
48951,15,873.2735612,0,0.098340136,,Overlapping claim Navassa Island: USA / Haiti / Jamaica,Haiti,0.000112611
48951,20,1481.179813,0,0.128264337,,Overlapping claim Navassa Island: USA / Haiti / Jamaica,Haiti,8.66E-05
48951,25,2248.065351,0,0.196224251,,Overlapping claim Navassa Island: USA / Haiti / Jamaica,Haiti,8.73E-05
48999,5,6.042801879,0,0.009320787,,Overlapping claim Peñón de Vélez de la Gomera: Spain / Morocco,Spain,0.001542461
48999,10,6.042801879,0,0.009320787,,Overlapping claim Peñón de Vélez de la Gomera: Spain / Morocco,Spain,0.001542461
48999,15,6.042801879,0,0.009320787,,Overlapping claim Peñón de Vélez de la Gomera: Spain / Morocco,Spain,0.001542461
48999,20,6.042801879,0,0.009320787,,Overlapping claim Peñón de Vélez de la Gomera: Spain / Morocco,Spain,0.001542461
48999,25,6.042801879,0,0.009320787,,Overlapping claim Peñón de Vélez de la Gomera: Spain / Morocco,Spain,0.001542461
48954,25,3578.873395,0,0.089199405,,Overlapping claim Senkaku Islands: Japan / China / Taiwan,Taiwan,2.49E-05
5695,5,15837.84202,1.892028185,9.100438403,UKR,Overlapping claim Ukrainian Exclusive Economic Zone,Ukraine,0.000694063
5695,10,24292.89888,2.763887344,13.83362594,UKR,Overlapping claim Ukrainian Exclusive Economic Zone,Ukraine,0.000683225
5695,15,31923.09837,3.381512121,16.94241025,UKR,Overlapping claim Ukrainian Exclusive Economic Zone,Ukraine,0.000636653
5695,20,38993.47286,3.84371837,19.4550114,UKR,Overlapping claim Ukrainian Exclusive Economic Zone,Ukraine,0.000597503
5695,25,45452.24182,3.928310097,22.03401823,UKR,Overlapping claim Ukrainian Exclusive Economic Zone,Ukraine,0.0005712
8368,5,6563.188416,1.109921069,11.38820473,ESH,Overlapping claim Western Saharan Exclusive Economic Zone,Western Sahara,0.001904277
8368,10,11329.90065,1.70889644,28.99368311,ESH,Overlapping claim Western Saharan Exclusive Economic Zone,Western Sahara,0.002709872
8368,15,16038.33766,2.304070679,46.33874081,ESH,Overlapping claim Western Saharan Exclusive Economic Zone,Western Sahara,0.003032909
8368,20,20747.79532,3.393194622,73.89788751,ESH,Overlapping claim Western Saharan Exclusive Economic Zone,Western Sahara,0.003725267
8368,25,25445.23685,5.086411234,106.9459507,ESH,Overlapping claim Western Saharan Exclusive Economic Zone,Western Sahara,0.004402881
48947,5,431.4909087,0.027838269,1.047167916,ARE,Overlapping claim: Iran / United Arab Emirates,United Arab Emirates,0.002491376
48947,10,1257.957602,0.069626004,2.973450934,ARE,Overlapping claim: Iran / United Arab Emirates,United Arab Emirates,0.002419062
48947,15,2357.884935,0.205381593,5.805881597,ARE,Overlapping claim: Iran / United Arab Emirates,United Arab Emirates,0.00254943
48947,20,3538.198847,0.379084933,8.662406199,ARE,Overlapping claim: Iran / United Arab Emirates,United Arab Emirates,0.002555394
48947,25,4647.05364,0.462577583,11.41702535,ARE,Overlapping claim: Iran / United Arab Emirates,United Arab Emirates,0.002556373
33176,5,29.55791478,0,5.75E-05,KEN,Overlapping claim: Kenya / Somalia,Kenya,1.95E-06
33176,10,72.66282259,0,5.75E-05,KEN,Overlapping claim: Kenya / Somalia,Kenya,7.92E-07
33176,15,135.4723257,0,0.001360042,KEN,Overlapping claim: Kenya / Somalia,Kenya,1.00E-05
33176,20,214.2915177,0,0.003759375,KEN,Overlapping claim: Kenya / Somalia,Kenya,1.75E-05
33176,25,311.5831809,0,0.008870402,KEN,Overlapping claim: Kenya / Somalia,Kenya,2.85E-05
26582,5,2501.978007,0,2.447469407,SDN,Overlapping claim: Sudan / Egypt,Sudan,0.000978214
26582,10,3973.041767,0,4.123741198,SDN,Overlapping claim: Sudan / Egypt,Sudan,0.00103793
26582,15,5345.000999,0,4.558839593,SDN,Overlapping claim: Sudan / Egypt,Sudan,0.000852917
26582,20,6678.072752,0,4.670015285,SDN,Overlapping claim: Sudan / Egypt,Sudan,0.000699306
26582,25,7869.17855,0,4.745440023,SDN,Overlapping claim: Sudan / Egypt,Sudan,0.000603041
8359,5,7909.928597,0.023974319,4.547527401,PAK,Pakistani Exclusive Economic Zone,Pakistan,0.000577945
8359,10,12759.96413,0.034479487,13.68886889,PAK,Pakistani Exclusive Economic Zone,Pakistan,0.001075501
8359,15,17397.1958,0.051985315,26.19623569,PAK,Pakistani Exclusive Economic Zone,Pakistan,0.001508762
8359,20,21711.55915,0.067735238,38.06850151,PAK,Pakistani Exclusive Economic Zone,Pakistan,0.001756495
8359,25,25897.95137,0.098080157,48.58106219,PAK,Pakistani Exclusive Economic Zone,Pakistan,0.001879652
48953,5,265.9001093,0.001148106,0.445668654,PSE,Palestinian Exclusive Economic Zone,Palestine,0.001680393
48953,10,465.522198,0.002296211,1.637833047,PSE,Palestinian Exclusive Economic Zone,Palestine,0.003523203
48953,15,655.6264894,0.002296211,2.692217942,PSE,Palestinian Exclusive Economic Zone,Palestine,0.004109831
48953,20,837.2784795,0.002296211,3.280917298,PSE,Palestinian Exclusive Economic Zone,Palestine,0.003921292
48953,25,1011.52016,0.002296211,3.436274954,PSE,Palestinian Exclusive Economic Zone,Palestine,0.003399409
8423,5,20026.62533,0.759085315,14.39547579,PAN,Panamanian Exclusive Economic Zone,Panama,0.000756721
8423,10,32519.18864,1.095960418,26.27925057,PAN,Panamanian Exclusive Economic Zone,Panama,0.000841817
8423,15,43917.0691,1.147522649,33.91351259,PAN,Panamanian Exclusive Economic Zone,Panama,0.000798346
8423,20,54193.09624,1.215739278,37.1420146,PAN,Panamanian Exclusive Economic Zone,Panama,0.000707798
8423,25,63622.63228,1.328567767,39.46529446,PAN,Panamanian Exclusive Economic Zone,Panama,0.000641185
8324,5,91902.13262,0.525929223,5.355511529,PNG,Papua New Guinean Exclusive Economic Zone,Papua New Guinea,6.40E-05
8324,10,164957.0248,1.010913206,10.35294147,PNG,Papua New Guinean Exclusive Economic Zone,Papua New Guinea,6.89E-05
8324,15,238810.989,1.366504141,13.00172913,PNG,Papua New Guinean Exclusive Economic Zone,Papua New Guinea,6.02E-05
8324,20,311571.1737,1.789312892,15.17615176,PNG,Papua New Guinean Exclusive Economic Zone,Papua New Guinea,5.45E-05
8324,25,382515.1679,2.183045132,16.98700497,PNG,Papua New Guinean Exclusive Economic Zone,Papua New Guinea,5.01E-05
8432,5,17566.16121,2.868588124,15.93047263,PER,Peruvian Exclusive Economic Zone,Peru,0.001070186
8432,10,30679.17451,4.026948329,27.72779285,PER,Peruvian Exclusive Economic Zone,Peru,0.001035059
8432,15,43461.72656,5.955546385,42.34076643,PER,Peruvian Exclusive Economic Zone,Peru,0.001111238
8432,20,56140.83685,7.892455405,55.42441726,PER,Peruvian Exclusive Economic Zone,Peru,0.001127822
8432,25,68719.47851,9.396434622,66.68277488,PER,Peruvian Exclusive Economic Zone,Peru,0.001107098
8322,5,146187.5348,0.28724482,50.97496073,PHL,Philippines Exclusive Economic Zone,Philippines,0.000350661
8322,10,243648.8165,0.438895733,111.5122284,PHL,Philippines Exclusive Economic Zone,Philippines,0.000459477
8322,15,324006.1006,0.554275569,176.8749037,PHL,Philippines Exclusive Economic Zone,Philippines,0.000547611
8322,20,393587.5165,0.6366023,254.9794222,PHL,Philippines Exclusive Economic Zone,Philippines,0.000649452
8322,25,455671.473,0.710481921,307.8277418,PHL,Philippines Exclusive Economic Zone,Philippines,0.000677107
5687,5,3953.252696,2.10139156,2.378460358,POL,Polish Exclusive Economic Zone,Poland,0.001133207
5687,10,6234.988653,3.651370004,3.955617487,POL,Polish Exclusive Economic Zone,Poland,0.001220048
5687,15,8315.927573,5.196348512,5.495144218,POL,Polish Exclusive Economic Zone,Poland,0.001285664
5687,20,10309.46474,6.532981813,6.839273659,POL,Polish Exclusive Economic Zone,Poland,0.001297085
5687,25,12204.05467,7.560752628,7.809551468,POL,Polish Exclusive Economic Zone,Poland,0.001259442
5688,5,5874.600586,7.138283267,4.720692627,PRT,Portuguese Exclusive Economic Zone,Portugal,0.002018686
5688,10,10042.04472,12.7455783,8.226079138,PRT,Portuguese Exclusive Economic Zone,Portugal,0.002088385
5688,15,14188.18355,18.94724926,12.13636289,PRT,Portuguese Exclusive Economic Zone,Portugal,0.00219081
5688,20,18358.96233,24.32249564,14.60364665,PRT,Portuguese Exclusive Economic Zone,Portugal,0.00212028
5688,25,22500.15354,29.8062033,16.63280994,PRT,Portuguese Exclusive Economic Zone,Portugal,0.002063942
8361,5,4829.557476,0.335972143,1.122577562,,Portuguese Exclusive Economic Zone (Azores),Portugal,0.000302005
8361,10,9939.369134,0.503908641,1.797516158,,Portuguese Exclusive Economic Zone (Azores),Portugal,0.000231546
8361,15,15594.68133,0.629917662,2.075190412,,Portuguese Exclusive Economic Zone (Azores),Portugal,0.000173464
8361,20,21936.56385,0.743006023,2.338946931,,Portuguese Exclusive Economic Zone (Azores),Portugal,0.000140494
8361,25,28551.13082,0.863438382,2.57446595,,Portuguese Exclusive Economic Zone (Azores),Portugal,0.000120412
8363,5,1741.916182,0.272598631,0.2676551,,Portuguese Exclusive Economic Zone (Madeira),Portugal,0.000310149
8363,10,3871.779114,0.414330614,0.523412117,,Portuguese Exclusive Economic Zone (Madeira),Portugal,0.000242199
8363,15,6391.054306,0.605284421,0.762740032,,Portuguese Exclusive Economic Zone (Madeira),Portugal,0.000214053
8363,20,9347.66936,0.901361282,1.042133232,,Portuguese Exclusive Economic Zone (Madeira),Portugal,0.000207912
8363,25,12466.76013,1.203862872,1.305660706,,Portuguese Exclusive Economic Zone (Madeira),Portugal,0.000201297
21798,5,893.4541798,0.003649635,0.041914692,PNG,Protected Zone established under the Torres Strait Treaty,Papua New Guinea,5.10E-05
21798,10,1835.297507,0.003649635,0.055484272,PNG,Protected Zone established under the Torres Strait Treaty,Papua New Guinea,3.22E-05
21798,15,2988.431619,0.003649635,0.083094042,PNG,Protected Zone established under the Torres Strait Treaty,Papua New Guinea,2.90E-05
21798,20,3690.612569,0.003649635,0.115130318,PNG,Protected Zone established under the Torres Strait Treaty,Papua New Guinea,3.22E-05
21798,25,3950.555541,0.003649635,0.124763548,PNG,Protected Zone established under the Torres Strait Treaty,Papua New Guinea,3.25E-05
33179,5,4729.866001,0.022340426,0.639147228,PRI,Puerto Rican Exclusive Economic Zone,United States,0.000139853
33179,10,8726.70001,0.022340426,1.021810448,PRI,Puerto Rican Exclusive Economic Zone,United States,0.00011965
33179,15,12566.84642,0.022340426,1.26208692,PRI,Puerto Rican Exclusive Economic Zone,United States,0.000102208
33179,20,16514.8966,0.026340426,1.545655107,PRI,Puerto Rican Exclusive Economic Zone,United States,9.52E-05
33179,25,20622.35207,0.026340426,1.746267098,PRI,Puerto Rican Exclusive Economic Zone,United States,8.60E-05
8468,5,3322.817341,0.336151592,2.358379176,QAT,Qatari Exclusive Economic Zone,Qatar,0.000810918
8468,10,5668.677606,0.62102802,5.276693547,QAT,Qatari Exclusive Economic Zone,Qatar,0.001040405
8468,15,8043.725641,0.881737671,8.159440838,QAT,Qatari Exclusive Economic Zone,Qatar,0.001124004
8468,20,10478.8733,1.196879406,10.9636336,QAT,Qatari Exclusive Economic Zone,Qatar,0.001160479
8468,25,13155.87154,1.54738153,13.77359697,QAT,Qatari Exclusive Economic Zone,Qatar,0.001164573
8338,5,1341.261473,0.044950402,0.46756126,REU,Réunion Exclusive Economic Zone,France,0.000382112
8338,10,2558.395174,0.11262423,0.645562857,REU,Réunion Exclusive Economic Zone,France,0.000296353
8338,15,3935.267754,0.148024524,0.747636992,REU,Réunion Exclusive Economic Zone,France,0.000227599
8338,20,5474.194753,0.165593181,0.824707756,REU,Réunion Exclusive Economic Zone,France,0.000180903
8338,25,7136.11083,0.204326187,0.912290391,REU,Réunion Exclusive Economic Zone,France,0.000156474
5689,5,2240.759139,0.14074534,0.735258671,ROU,Romanian Exclusive economic Zone,Romania,0.000390941
5689,10,3326.058875,0.33108053,1.875777185,ROU,Romanian Exclusive economic Zone,Romania,0.000663505
5689,15,4412.404046,0.482550855,2.556822784,ROU,Romanian Exclusive economic Zone,Romania,0.000688825
5689,20,5488.384166,0.551036953,2.853634561,ROU,Romanian Exclusive economic Zone,Romania,0.000620341
5689,25,6534.287543,0.564643539,3.033834684,ROU,Romanian Exclusive economic Zone,Romania,0.000550707
5690,5,410730.4698,11.86531895,20.31573774,RUS,Russian Exclusive economic Zone,Russia,7.84E-05
5690,10,666981.8676,20.03421542,30.0987291,RUS,Russian Exclusive economic Zone,Russia,7.52E-05
5690,15,903024.5261,25.8287891,36.5933569,RUS,Russian Exclusive economic Zone,Russia,6.91E-05
5690,20,1120004.654,30.30100246,41.55393966,RUS,Russian Exclusive economic Zone,Russia,6.42E-05
5690,25,1321757.12,34.81586323,46.37192988,RUS,Russian Exclusive economic Zone,Russia,6.14E-05
26518,5,167.9151958,0,0.003118975,BES,Saba Exclusive Economic Zone,Netherlands,1.86E-05
26518,10,488.4821665,0,0.013339215,BES,Saba Exclusive Economic Zone,Netherlands,2.73E-05
26518,15,946.4232179,0,0.027242895,BES,Saba Exclusive Economic Zone,Netherlands,2.88E-05
26518,20,1453.615557,0,0.043971104,BES,Saba Exclusive Economic Zone,Netherlands,3.02E-05
26518,25,1933.834106,0,0.057257573,BES,Saba Exclusive Economic Zone,Netherlands,2.96E-05
8413,5,825.9659886,0.012777193,0.211532218,KNA,Saint Kitts and Nevis Exclusive Economic Zone,Saint Kitts and Nevis,0.000271572
8413,10,1561.407864,0.020063167,0.279449542,KNA,Saint Kitts and Nevis Exclusive Economic Zone,Saint Kitts and Nevis,0.000191822
8413,15,2354.599369,0.020063167,0.323360309,KNA,Saint Kitts and Nevis Exclusive Economic Zone,Saint Kitts and Nevis,0.000145852
8413,20,3077.127367,0.020063167,0.388590547,KNA,Saint Kitts and Nevis Exclusive Economic Zone,Saint Kitts and Nevis,0.000132804
8413,25,3758.433349,0.020063167,0.410818454,KNA,Saint Kitts and Nevis Exclusive Economic Zone,Saint Kitts and Nevis,0.000114644
8416,5,802.5175521,0.005033557,0.131202561,LCA,Saint Lucia Exclusive Economic Zone,Saint Lucia,0.000169761
8416,10,1602.644938,0.009996336,0.228163713,LCA,Saint Lucia Exclusive Economic Zone,Saint Lucia,0.000148604
8416,15,2552.256243,0.012496336,0.332757914,LCA,Saint Lucia Exclusive Economic Zone,Saint Lucia,0.000135274
8416,20,3582.225682,0.016486649,0.491578281,LCA,Saint Lucia Exclusive Economic Zone,Saint Lucia,0.000141829
8416,25,4540.46279,0.018294967,0.569090725,LCA,Saint Lucia Exclusive Economic Zone,Saint Lucia,0.000129367
8421,5,1611.331966,0.00493219,0.197810846,VCT,Saint Vincent and the Grenadines Exclusive Economic Zone,Saint Vincent and the Grenadines,0.000125823
8421,10,3037.666006,0.01724174,0.391494569,VCT,Saint Vincent and the Grenadines Exclusive Economic Zone,Saint Vincent and the Grenadines,0.000134556
8421,15,4437.38391,0.027168826,0.55306854,VCT,Saint Vincent and the Grenadines Exclusive Economic Zone,Saint Vincent and the Grenadines,0.000130761
8421,20,5888.506071,0.032181358,0.670213842,VCT,Saint Vincent and the Grenadines Exclusive Economic Zone,Saint Vincent and the Grenadines,0.000119282
8421,25,7253.281756,0.034687623,0.750915737,VCT,Saint Vincent and the Grenadines Exclusive Economic Zone,Saint Vincent and the Grenadines,0.00010831
48952,5,302.4574149,0,0.033938032,BLM,Saint-Barthélemy Exclusive Economic Zone,France,0.000112208
48952,10,725.657491,0,0.078405383,BLM,Saint-Barthélemy Exclusive Economic Zone,France,0.000108047
48952,15,1177.07623,0,0.106867578,BLM,Saint-Barthélemy Exclusive Economic Zone,France,9.08E-05
48952,20,1707.172272,0,0.149043584,BLM,Saint-Barthélemy Exclusive Economic Zone,France,8.73E-05
48952,25,2204.388859,0,0.184383893,BLM,Saint-Barthélemy Exclusive Economic Zone,France,8.36E-05
8495,5,302.1543236,0,0.043205584,MAF,Saint-Martin Exclusive Economic Zone,France,0.000142992
8495,10,487.2099659,0,0.046923045,MAF,Saint-Martin Exclusive Economic Zone,France,9.63E-05
8495,15,644.1696638,0,0.056214454,MAF,Saint-Martin Exclusive Economic Zone,France,8.73E-05
8495,20,788.2729314,0,0.0620883,MAF,Saint-Martin Exclusive Economic Zone,France,7.88E-05
8495,25,934.7612647,0,0.065372493,MAF,Saint-Martin Exclusive Economic Zone,France,6.99E-05
8494,5,908.7740924,0.078014184,0.175308433,SPM,Saint-Pierre and Miquelon Exclusive Economic Zone,France,0.000278752
8494,10,1718.12381,0.09929078,0.304888344,SPM,Saint-Pierre and Miquelon Exclusive Economic Zone,France,0.000235244
8494,15,2467.872568,0.113475177,0.409137793,SPM,Saint-Pierre and Miquelon Exclusive Economic Zone,France,0.000211767
8494,20,3202.9194,0.127659574,0.461192665,SPM,Saint-Pierre and Miquelon Exclusive Economic Zone,France,0.000183849
8494,25,3852.753194,0.127659574,0.503564424,SPM,Saint-Pierre and Miquelon Exclusive Economic Zone,France,0.000163837
8445,5,2583.582951,0.035460993,0.180162121,WSM,Samoan Exclusive Economic Zone,Samoa,8.35E-05
8445,10,4757.914525,0.174149979,0.477870991,WSM,Samoan Exclusive Economic Zone,Samoa,0.000137039
8445,15,7042.362592,0.233869376,0.77916431,WSM,Samoan Exclusive Economic Zone,Samoa,0.000143849
8445,20,9441.673668,0.271763459,0.960077359,WSM,Samoan Exclusive Economic Zone,Samoa,0.000130468
8445,25,11994.15512,0.339163726,1.074580788,WSM,Samoan Exclusive Economic Zone,Samoa,0.000117869
8397,5,1454.89406,0.030821918,0.05821521,STP,Sao Tome and Principe Exclusive Economic Zone,Sao Tome and Principe,6.12E-05
8397,10,3108.079623,0.036514149,0.118133384,STP,Sao Tome and Principe Exclusive Economic Zone,Sao Tome and Principe,4.98E-05
8397,15,5093.864879,0.039938807,0.129878503,STP,Sao Tome and Principe Exclusive Economic Zone,Sao Tome and Principe,3.33E-05
8397,20,7346.965193,0.046776433,0.160694688,STP,Sao Tome and Principe Exclusive Economic Zone,Sao Tome and Principe,2.82E-05
8397,25,9888.3199,0.046776433,0.190445015,STP,Sao Tome and Principe Exclusive Economic Zone,Sao Tome and Principe,2.40E-05
8356,5,34365.29629,0.6082379,13.37414675,SAU,Saudi Arabian Exclusive Economic Zone,Saudi Arabia,0.000406875
8356,10,54565.21376,1.4578508,25.33452218,SAU,Saudi Arabian Exclusive Economic Zone,Saudi Arabia,0.000491016
8356,15,70565.60682,2.11799474,32.46079025,SAU,Saudi Arabian Exclusive Economic Zone,Saudi Arabia,0.000490023
8356,20,84183.19464,2.634138582,38.35633321,SAU,Saudi Arabian Exclusive Economic Zone,Saudi Arabia,0.00048692
8356,25,96677.3633,3.114448573,43.69874882,SAU,Saudi Arabian Exclusive Economic Zone,Saudi Arabia,0.000484221
8371,5,3802.624489,1.291479029,3.035389923,SEN,Senegalese Exclusive Economic Zone,Senegal,0.001137864
8371,10,6199.908688,2.026975717,5.716770345,SEN,Senegalese Exclusive Economic Zone,Senegal,0.00124901
8371,15,8579.226438,2.777924945,12.1158482,SEN,Senegalese Exclusive Economic Zone,Senegal,0.001736028
8371,20,10918.13406,4.28781457,19.19034792,SEN,Senegalese Exclusive Economic Zone,Senegal,0.002150382
8371,25,13290.65117,6.08866457,25.3805993,SEN,Senegalese Exclusive Economic Zone,Senegal,0.002367774
8390,5,4328.690639,0.358618863,2.225597391,SLE,Sierra Leonian Exclusive Economic Zone,Sierra Leone,0.000596997
8390,10,6766.382112,0.384934652,4.047557942,SLE,Sierra Leonian Exclusive Economic Zone,Sierra Leone,0.000655076
8390,15,9037.055456,0.46388202,6.393204154,SLE,Sierra Leonian Exclusive Economic Zone,Sierra Leone,0.000758774
8390,20,11129.73276,0.542829389,8.789642941,SLE,Sierra Leonian Exclusive Economic Zone,Sierra Leone,0.000838517
8390,25,13151.76779,0.661890305,11.29974476,SLE,Sierra Leonian Exclusive Economic Zone,Sierra Leone,0.000909508
8485,5,794.4979764,0.302441048,0.5995228,SGP,Singaporean Exclusive Economic Zone,Singapore,0.001135263
8485,10,1033.468412,0.563246779,1.19348653,SGP,Singaporean Exclusive Economic Zone,Singapore,0.001699842
8485,15,1053.177724,0.590738187,1.242242365,SGP,Singaporean Exclusive Economic Zone,Singapore,0.001740429
8485,20,1053.177724,0.590738187,1.242242365,SGP,Singaporean Exclusive Economic Zone,Singapore,0.001740429
8485,25,1053.177724,0.590738187,1.242242365,SGP,Singaporean Exclusive Economic Zone,Singapore,0.001740429
26526,5,220.9328051,0,0.027688388,BES,Sint-Eustatius Exclusive Economic Zone,Netherlands,0.000125325
26526,10,498.2445248,0,0.070531633,BES,Sint-Eustatius Exclusive Economic Zone,Netherlands,0.00014156
26526,15,858.9385445,0,0.076233822,BES,Sint-Eustatius Exclusive Economic Zone,Netherlands,8.88E-05
26526,20,1180.845429,0,0.087079464,BES,Sint-Eustatius Exclusive Economic Zone,Netherlands,7.37E-05
26526,25,1379.475766,0,0.087148174,BES,Sint-Eustatius Exclusive Economic Zone,Netherlands,6.32E-05
21803,5,155.8372475,0,0.049215864,SXM,Sint-Maarten Exclusive Economic Zone,Netherlands,0.000315816
21803,10,285.9327641,0,0.066215561,SXM,Sint-Maarten Exclusive Economic Zone,Netherlands,0.000231577
21803,15,386.7527373,0,0.075583167,SXM,Sint-Maarten Exclusive Economic Zone,Netherlands,0.00019543
21803,20,501.6685888,0,0.108393769,SXM,Sint-Maarten Exclusive Economic Zone,Netherlands,0.000216066
21803,25,563.8214997,0,0.114627017,SXM,Sint-Maarten Exclusive Economic Zone,Netherlands,0.000203304
5692,5,148.4028165,0.076908969,0.077226812,SVN,Slovenian Exclusive Economic Zone,Slovenia,0.001038631
5692,10,182.0328132,0.082558687,0.095940588,SVN,Slovenian Exclusive Economic Zone,Slovenia,0.000980588
5692,15,182.0328132,0.082558687,0.095940588,SVN,Slovenian Exclusive Economic Zone,Slovenia,0.000980588
5692,20,182.0328132,0.082558687,0.095940588,SVN,Slovenian Exclusive Economic Zone,Slovenia,0.000980588
5692,25,182.0328132,0.082558687,0.095940588,SVN,Slovenian Exclusive Economic Zone,Slovenia,0.000980588
8314,5,36435.04716,0.770616051,1.999619987,SLB,Solomon Islands Exclusive Economic Zone,Solomon Islands,7.60E-05
8314,10,65145.58501,1.067817939,3.517654422,SLB,Solomon Islands Exclusive Economic Zone,Solomon Islands,7.04E-05
8314,15,95114.77885,1.562840093,4.825206869,SLB,Solomon Islands Exclusive Economic Zone,Solomon Islands,6.72E-05
8314,20,125617.4603,1.747211468,5.647415503,SLB,Solomon Islands Exclusive Economic Zone,Solomon Islands,5.89E-05
8314,25,155474.8702,1.926610595,6.240458691,SLB,Solomon Islands Exclusive Economic Zone,Solomon Islands,5.25E-05
8350,5,20715.19056,0.101688414,4.0502308,SOM,Somali Exclusive Economic Zone,Federal Republic of Somalia,0.000200429
8350,10,36039.6373,0.172242332,5.876223086,SOM,Somali Exclusive Economic Zone,Federal Republic of Somalia,0.000167828
8350,15,51259.7864,0.264965721,7.439014532,SOM,Somali Exclusive Economic Zone,Federal Republic of Somalia,0.000150293
8350,20,66513.50571,0.304407991,8.66905046,SOM,Somali Exclusive Economic Zone,Federal Republic of Somalia,0.000134912
8350,25,81689.14149,0.349637111,9.717824513,SOM,Somali Exclusive Economic Zone,Federal Republic of Somalia,0.000123241
8396,5,18517.39773,4.337539434,6.674309545,ZAF,South African Exclusive Economic Zone,South Africa,0.000594676
8396,10,32447.75923,7.866788075,9.191500857,ZAF,South African Exclusive Economic Zone,South Africa,0.000525715
8396,15,46214.38583,10.66710225,10.73668217,ZAF,South African Exclusive Economic Zone,South Africa,0.000463141
8396,20,59593.03716,12.99884248,12.47215391,ZAF,South African Exclusive Economic Zone,South Africa,0.000427416
8396,25,72904.57988,15.11211497,13.8734736,ZAF,South African Exclusive Economic Zone,South Africa,0.000397583
8327,5,32387.13396,70.6844295,121.2784033,KOR,South Korean Exclusive Economic Zone,South Korea,0.005927132
8327,10,47465.89631,111.8926773,191.089894,KOR,South Korean Exclusive Economic Zone,South Korea,0.006383163
8327,15,61198.81731,143.6416469,242.3523322,KOR,South Korean Exclusive Economic Zone,South Korea,0.006307213
8327,20,73870.10668,169.4159646,284.2433889,KOR,South Korean Exclusive Economic Zone,South Korea,0.006141312
8327,25,85873.39984,193.3081418,319.7913306,KOR,South Korean Exclusive Economic Zone,South Korea,0.005975069
5693,5,22946.74714,31.24952895,11.80506313,ESP,Spanish Exclusive Economic Zone,Spain,0.001876283
5693,10,39467.8803,57.61538843,19.2998707,ESP,Spanish Exclusive Economic Zone,Spain,0.001948806
5693,15,55833.18339,79.90061657,25.21325448,ESP,Spanish Exclusive Economic Zone,Spain,0.001882642
5693,20,72329.66023,96.86263757,29.39096312,ESP,Spanish Exclusive Economic Zone,Spain,0.00174553
5693,25,88909.57744,112.3050419,33.19694482,ESP,Spanish Exclusive Economic Zone,Spain,0.001636516
8364,5,7683.750077,1.088724478,1.202617537,,Spanish Exclusive Economic Zone (Canary Islands),Spain,0.000298206
8364,10,14651.66987,1.690503046,2.028358061,,Spanish Exclusive Economic Zone (Canary Islands),Spain,0.000253818
8364,15,22438.05841,2.124109551,2.66191129,,Spanish Exclusive Economic Zone (Canary Islands),Spain,0.000213299
8364,20,30730.04309,2.514854807,3.252073199,,Spanish Exclusive Economic Zone (Canary Islands),Spain,0.000187664
8364,25,39745.67415,2.850709141,3.919337547,,Spanish Exclusive Economic Zone (Canary Islands),Spain,0.000170334
8346,5,10596.14834,0.289288663,2.126402396,LKA,Sri Lankan Exclusive Economic Zone,Sri Lanka,0.000227978
8346,10,17370.81148,0.467562014,4.770868224,LKA,Sri Lankan Exclusive Economic Zone,Sri Lanka,0.000301565
8346,15,23964.58877,0.59316183,7.654140421,LKA,Sri Lankan Exclusive Economic Zone,Sri Lanka,0.000344145
8346,20,30430.91595,0.744065289,10.17368891,LKA,Sri Lankan Exclusive Economic Zone,Sri Lanka,0.000358772
8346,25,36573.16543,1.130449536,12.70601581,LKA,Sri Lankan Exclusive Economic Zone,Sri Lanka,0.000378323
8355,5,7066.932727,0,0.515453143,SDN,Sudanese Exclusive Economic Zone,Sudan,7.29E-05
8355,10,13171.38802,0,0.743259284,SDN,Sudanese Exclusive Economic Zone,Sudan,5.64E-05
8355,15,18744.80174,0,0.943774153,SDN,Sudanese Exclusive Economic Zone,Sudan,5.03E-05
8355,20,23026.91108,0,1.062330671,SDN,Sudanese Exclusive Economic Zone,Sudan,4.61E-05
8355,25,26423.51264,0,1.211204956,SDN,Sudanese Exclusive Economic Zone,Sudan,4.58E-05
8461,5,2828.382078,0,0.368969441,SUR,Surinamese Exclusive Economic Zone,Suriname,0.000130452
8461,10,4781.523013,0.005747126,0.920289941,SUR,Surinamese Exclusive Economic Zone,Suriname,0.00019367
8461,15,6651.183577,0.022988506,1.580789791,SUR,Surinamese Exclusive Economic Zone,Suriname,0.000241127
8461,20,8491.284547,0.044072376,2.396230987,SUR,Surinamese Exclusive Economic Zone,Suriname,0.000287389
8461,25,10304.28118,0.066406737,4.091005789,SUR,Surinamese Exclusive Economic Zone,Suriname,0.000403465
33181,5,32393.55435,0.412711278,3.247488577,SJM,Svalbard Exclusive Economic Zone,Norway,0.000112992
33181,10,50119.90969,0.504555616,4.02491065,SJM,Svalbard Exclusive Economic Zone,Norway,9.04E-05
33181,15,65692.51257,0.555703234,4.492005559,SJM,Svalbard Exclusive Economic Zone,Norway,7.68E-05
33181,20,80179.05104,0.607985946,4.678479837,SJM,Svalbard Exclusive Economic Zone,Norway,6.59E-05
33181,25,94964.18054,0.778031588,4.823561533,SJM,Svalbard Exclusive Economic Zone,Norway,5.90E-05
5694,5,35946.96767,2.931834887,3.679165692,SWE,Swedish Exclusive Economic Zone,Sweden,0.00018391
5694,10,51283.27371,7.345838749,6.158576044,SWE,Swedish Exclusive Economic Zone,Sweden,0.00026333
5694,15,65135.30778,11.3138116,8.189511131,SWE,Swedish Exclusive Economic Zone,Sweden,0.000299428
5694,20,78400.11437,15.07645177,9.931907165,SWE,Swedish Exclusive Economic Zone,Sweden,0.000318984
5694,25,90656.86902,18.19626728,11.40341204,SWE,Swedish Exclusive Economic Zone,Sweden,0.000326502
8373,5,1063.51683,0,0.892695934,SYR,Syrian Exclusive Economic Zone,Syria,0.000839381
8373,10,1947.141988,0,1.329630431,SYR,Syrian Exclusive Economic Zone,Syria,0.000682863
8373,15,2822.773725,0,1.649228179,SYR,Syrian Exclusive Economic Zone,Syria,0.000584258
8373,20,3692.137464,0.014655172,1.850601954,SYR,Syrian Exclusive Economic Zone,Syria,0.000505197
8373,25,4523.970031,0.090160653,2.133724509,SYR,Syrian Exclusive Economic Zone,Syria,0.000491578
8321,5,8838.02033,13.82524023,9.124861292,TWN,Taiwanese Exclusive Economic Zone,Taiwan,0.002596747
8321,10,16908.77436,32.77326251,21.15612437,TWN,Taiwanese Exclusive Economic Zone,Taiwan,0.003189432
8321,15,25514.13404,48.16220346,31.1574145,TWN,Taiwanese Exclusive Economic Zone,Taiwan,0.00310885
8321,20,34446.78849,57.94968317,39.69753766,TWN,Taiwanese Exclusive Economic Zone,Taiwan,0.002834726
8321,25,43396.78882,64.91409004,46.83065347,TWN,Taiwanese Exclusive Economic Zone,Taiwan,0.002574954
8479,5,11783.89753,0.135940723,0.990573529,TZA,Tanzanian Exclusive Economic Zone,Tanzania,9.56E-05
8479,10,19398.6732,0.140818772,1.65328936,TZA,Tanzanian Exclusive Economic Zone,Tanzania,9.25E-05
8479,15,26681.3887,0.146806796,2.193957508,TZA,Tanzanian Exclusive Economic Zone,Tanzania,8.77E-05
8479,20,33116.79148,0.14984631,2.515629317,TZA,Tanzanian Exclusive Economic Zone,Tanzania,8.05E-05
8479,25,38673.65111,0.152193727,2.701172596,TZA,Tanzanian Exclusive Economic Zone,Tanzania,7.38E-05
8332,5,27832.64364,1.64062423,39.33023702,THA,Thailand Exclusive Economic Zone,Thailand,0.001472043
8332,10,45810.7108,4.50629364,157.5911455,THA,Thailand Exclusive Economic Zone,Thailand,0.003538418
8332,15,61614.00941,6.425240705,284.8126168,THA,Thailand Exclusive Economic Zone,Thailand,0.004726812
8332,20,76488.62602,7.574960404,396.7377766,THA,Thailand Exclusive Economic Zone,Thailand,0.00528592
8332,25,90754.53194,8.435153574,502.5422404,THA,Thailand Exclusive Economic Zone,Thailand,0.005630324
8392,5,323.3998623,0.115942029,0.50176198,TGO,Togolese Exclusive Economic Zone,Togo,0.001910032
8392,10,574.5482257,0.155797101,0.706077877,TGO,Togolese Exclusive Economic Zone,Togo,0.001500092
8392,15,824.4920976,0.351449275,0.891089358,TGO,Togolese Exclusive Economic Zone,Togo,0.001507035
8392,20,1074.456079,0.402173913,1.005073042,TGO,Togolese Exclusive Economic Zone,Togo,0.00130973
8392,25,1318.312726,0.402173913,1.056270743,TGO,Togolese Exclusive Economic Zone,Togo,0.001106296
8448,5,5270.67477,0,0.0385198,TON,Tongan Exclusive Economic Zone,Tonga,7.31E-06
8448,10,12098.12943,0,0.067777522,TON,Tongan Exclusive Economic Zone,Tonga,5.60E-06
8448,15,19651.04974,0,0.107671857,TON,Tongan Exclusive Economic Zone,Tonga,5.48E-06
8448,20,28267.95785,0,0.205946871,TON,Tongan Exclusive Economic Zone,Tonga,7.29E-06
8448,25,38029.80563,0.007604563,0.324587783,TON,Tongan Exclusive Economic Zone,Tonga,8.74E-06
8420,5,3652.654541,0.058279674,4.766481759,TTO,Trinidad and Tobago Exclusive Economic Zone,Trinidad and Tobago,0.001320892
8420,10,6720.145096,0.115517774,7.633725516,TTO,Trinidad and Tobago Exclusive Economic Zone,Trinidad and Tobago,0.001153136
8420,15,9584.370261,0.144251111,8.788348711,TTO,Trinidad and Tobago Exclusive Economic Zone,Trinidad and Tobago,0.000931997
8420,20,12363.34767,0.173705508,9.649139525,TTO,Trinidad and Tobago Exclusive Economic Zone,Trinidad and Tobago,0.000794513
8420,25,14854.98335,0.19876605,10.17900989,TTO,Trinidad and Tobago Exclusive Economic Zone,Trinidad and Tobago,0.000698606
8366,5,8890.195793,0.164822113,10.35829673,TUN,Tunisian Exclusive Economic Zone,Tunisia,0.001183677
8366,10,15251.52846,0.283181869,22.81948551,TUN,Tunisian Exclusive Economic Zone,Tunisia,0.001514777
8366,15,21346.27431,0.4376848,33.4903374,TUN,Tunisian Exclusive Economic Zone,Tunisia,0.001589412
8366,20,27293.80356,0.568659488,44.39578316,TUN,Tunisian Exclusive Economic Zone,Tunisia,0.001647423
8366,25,33341.16955,0.93814775,53.91805258,TUN,Tunisian Exclusive Economic Zone,Tunisia,0.001645299
5697,5,33985.81073,33.1858277,76.34265766,TUR,Turkish Exclusive Economic Zone,Turkey,0.003222771
5697,10,53597.44472,52.64917503,115.7063071,TUR,Turkish Exclusive Economic Zone,Turkey,0.00314111
5697,15,68734.5614,60.75008907,135.4599371,TUR,Turkish Exclusive Economic Zone,Turkey,0.002854605
5697,20,81671.46628,63.76157949,145.2471904,TUR,Turkish Exclusive Economic Zone,Turkey,0.002559141
5697,25,93072.1696,65.28611468,150.525561,TUR,Turkish Exclusive Economic Zone,Turkey,0.002318756
8405,5,3329.65851,0,0.082133795,TCA,Turks and Caicos Exclusive Economic Zone,United Kingdom,2.47E-05
8405,10,6331.771055,0,0.145398008,TCA,Turks and Caicos Exclusive Economic Zone,United Kingdom,2.30E-05
8405,15,9505.990723,0,0.199078997,TCA,Turks and Caicos Exclusive Economic Zone,United Kingdom,2.09E-05
8405,20,12698.74216,0,0.240885726,TCA,Turks and Caicos Exclusive Economic Zone,United Kingdom,1.90E-05
8405,25,15333.23338,0,0.296048494,TCA,Turks and Caicos Exclusive Economic Zone,United Kingdom,1.93E-05
8360,5,10311.85288,0.172290042,6.223032719,ARE,United Arab Emirates Exclusive Economic Zone,United Arab Emirates,0.000620191
8360,10,17484.8442,0.671691689,15.54595436,ARE,United Arab Emirates Exclusive Economic Zone,United Arab Emirates,0.000927526
8360,15,23890.14874,1.167064689,26.5492607,ARE,United Arab Emirates Exclusive Economic Zone,United Arab Emirates,0.001160157
8360,20,29813.02105,1.475918704,37.97613613,ARE,United Arab Emirates Exclusive Economic Zone,United Arab Emirates,0.001323316
8360,25,34935.73628,1.808620621,50.21040842,ARE,United Arab Emirates Exclusive Economic Zone,United Arab Emirates,0.001488992
5696,5,57284.81429,19.78791512,25.76484301,GBR,United Kingdom Exclusive Economic Zone,United Kingdom,0.000795198
5696,10,90069.91702,38.59436793,42.06497117,GBR,United Kingdom Exclusive Economic Zone,United Kingdom,0.000895519
5696,15,119272.5525,55.30266397,54.39838077,GBR,United Kingdom Exclusive Economic Zone,United Kingdom,0.000919751
5696,20,146594.1121,69.74829081,64.23644833,GBR,United Kingdom Exclusive Economic Zone,United Kingdom,0.000913984
5696,25,171842.1873,83.50002821,72.36111592,GBR,United Kingdom Exclusive Economic Zone,United Kingdom,0.000907002
8456,5,191520.5851,37.57607658,179.2286946,USA,United States Exclusive Economic Zone,United States,0.001132018
8456,10,249009.2167,64.68882664,261.1172065,USA,United States Exclusive Economic Zone,United States,0.00130841
8456,15,299538.7168,84.95094759,315.1853109,USA,United States Exclusive Economic Zone,United States,0.001335842
8456,20,345696.9892,99.77830633,356.527085,USA,United States Exclusive Economic Zone,United States,0.001319958
8456,25,390323.5596,113.6211476,394.3533859,USA,United States Exclusive Economic Zone,United States,0.001301419
8463,5,166460.8759,22.18096877,51.36556784,,United States Exclusive Economic Zone (Alaska),United States,0.000441825
8463,10,256187.6736,29.74050615,65.80734587,,United States Exclusive Economic Zone (Alaska),United States,0.00037296
8463,15,336555.2663,34.78180782,74.16169874,,United States Exclusive Economic Zone (Alaska),United States,0.000323702
8463,20,411918.9009,38.97786081,79.35687789,,United States Exclusive Economic Zone (Alaska),United States,0.000287277
8463,25,484781.9731,43.2854316,83.19592653,,United States Exclusive Economic Zone (Alaska),United States,0.000260904
8453,5,11073.24283,0.372528737,1.671317961,,United States Exclusive Economic Zone (Hawaii),United States,0.000184575
8453,10,21137.45561,0.809148475,2.927657597,,United States Exclusive Economic Zone (Hawaii),United States,0.000176786
8453,15,32551.8763,1.209392875,3.511767123,,United States Exclusive Economic Zone (Hawaii),United States,0.000145035
8453,20,45215.88604,1.544053782,3.9108271,,United States Exclusive Economic Zone (Hawaii),United States,0.000120641
8453,25,58903.11122,1.791661771,4.149963856,,United States Exclusive Economic Zone (Hawaii),United States,0.000100871
8467,5,4668.631508,0.083916084,0.009396792,URY,Uruguayan Exclusive Economic Zone,Uruguay,2.00E-05
8467,10,7489.032516,0.251040487,0.025405343,URY,Uruguayan Exclusive Economic Zone,Uruguay,3.69E-05
8467,15,10201.13726,0.728985294,0.153659526,URY,Uruguayan Exclusive Economic Zone,Uruguay,8.65E-05
8467,20,13013.98198,0.999360372,0.165473043,URY,Uruguayan Exclusive Economic Zone,Uruguay,8.95E-05
8467,25,16006.78088,1.209217198,0.244693559,URY,Uruguayan Exclusive Economic Zone,Uruguay,9.08E-05
8313,5,17497.73903,0.02179102,0.328371273,VUT,Vanuatu Exclusive Economic Zone,Vanuatu,2.00E-05
8313,10,32728.59995,0.10017308,0.624601311,VUT,Vanuatu Exclusive Economic Zone,Vanuatu,2.21E-05
8313,15,47618.06605,0.16691413,0.854186365,VUT,Vanuatu Exclusive Economic Zone,Vanuatu,2.14E-05
8313,20,62728.05014,0.179464169,1.046075035,VUT,Vanuatu Exclusive Economic Zone,Vanuatu,1.95E-05
8313,25,78322.4415,0.221341716,1.208975738,VUT,Vanuatu Exclusive Economic Zone,Vanuatu,1.83E-05
8433,5,28181.04608,0.325882031,9.354054422,VEN,Venezuelan Exclusive Economic Zone,Venezuela,0.000343491
8433,10,46155.07041,0.514894205,16.50165382,VEN,Venezuelan Exclusive Economic Zone,Venezuela,0.000368682
8433,15,63240.41748,0.683668671,21.76351553,VEN,Venezuelan Exclusive Economic Zone,Venezuela,0.00035495
8433,20,80744.4596,0.865248398,25.88509546,VEN,Venezuelan Exclusive Economic Zone,Venezuela,0.000331296
8433,25,98552.90564,1.099137196,29.23023576,VEN,Venezuelan Exclusive Economic Zone,Venezuela,0.000307747
8484,5,29538.21499,3.806086337,102.7801273,VNM,Vietnamese Exclusive Economic Zone,Vietnam,0.003608418
8484,10,48254.98591,7.596226382,209.7929171,VNM,Vietnamese Exclusive Economic Zone,Vietnam,0.004505009
8484,15,66295.0146,10.63145345,299.2378292,VNM,Vietnamese Exclusive Economic Zone,Vietnam,0.004674096
8484,20,84267.60903,12.76748802,375.5845558,VNM,Vietnamese Exclusive Economic Zone,Vietnam,0.004608557
8484,25,102418.8418,14.28829569,452.8598551,VNM,Vietnamese Exclusive Economic Zone,Vietnam,0.004561154
33180,5,1364.677752,0,0.097989627,VIR,Virgin Islander Exclusive Economic Zone,United States,7.18E-05
33180,10,2527.233823,0,0.133225724,VIR,Virgin Islander Exclusive Economic Zone,United States,5.27E-05
33180,15,3779.19768,0,0.271538728,VIR,Virgin Islander Exclusive Economic Zone,United States,7.19E-05
33180,20,5183.739983,0,0.371025788,VIR,Virgin Islander Exclusive Economic Zone,United States,7.16E-05
33180,25,6708.099579,0,0.464178498,VIR,Virgin Islander Exclusive Economic Zone,United States,6.92E-05
8353,5,20414.0191,0.002475248,4.675889343,YEM,Yemeni Exclusive Economic Zone,Yemen,0.000229174
8353,10,36447.15045,0.009913305,5.988986093,YEM,Yemeni Exclusive Economic Zone,Yemen,0.000164592
8353,15,51430.13587,0.012305649,7.019775767,YEM,Yemeni Exclusive Economic Zone,Yemen,0.000136731
8353,20,66507.47017,0.040192778,7.992084541,YEM,Yemeni Exclusive Economic Zone,Yemen,0.000120773
8353,25,80742.35203,0.047930026,8.967192639,YEM,Yemeni Exclusive Economic Zone,Yemen,0.000111653
33183,5,99.10787025,0,0.003209046,,,,3.24E-05
33183,10,368.9668625,0,0.00815944,,,,2.21E-05
33183,15,791.6685905,0,0.024890049,,,,3.14E-05
33183,20,1361.231878,0,0.024980775,,,,1.84E-05
33183,25,1786.228307,0,0.05293019,,,,2.96E-05